0,0,0.730703,-0.025881637863137165,0.04736102487828388,0.0012275711061103256,0.9985416637988519,-0.684927,0.263204,0.395213,0.863449,-0.142377,-0.088759,0.200732,-0.080988,-0.872623,0.524007,-0.545976,0.066476,0.224907,0.0591,0.184591,-0.861413,1.405471,-0.13937,1.226446,0.919665,0.647053,-0.266841,-1.68987,-0.753823,0.254831,1.31844,-0.91206,0.408701,0.098172
0.000006328308006455624,0.00002529728281407603,0.730699,-0.025875236983616372,0.04736119441105441,0.0012303895182301794,0.9985419016078562,-0.68465,0.263333,0.395613,0.863102,-0.146292,-0.088225,0.200719,-0.081025,-0.872627,0.524068,-0.54601,0.066481,0.223639,0.058649,0.18471,-0.864277,1.405696,-0.13637,1.230142,0.921273,0.673055,-0.272077,-1.690632,-0.753889,0.251231,1.322042,-0.937842,0.406918,0.102678
0.000051706385004764014,-0.0007938881846644131,0.730594,-0.025974099253224088,0.047442626908547794,0.0008391894601458838,0.998535858880416,-0.68254,0.266595,0.396178,0.868043,-0.152693,-0.088101,0.201009,-0.081046,-0.872191,0.524424,-0.545601,0.066549,0.223589,0.057226,0.183018,-0.865718,1.405814,-0.129467,1.234878,0.929292,0.706806,-0.281203,-1.689151,-0.755173,0.24764,1.323513,-0.964644,0.403778,0.10906
0.00025906007349117373,-0.001036056406921347,0.730574,-0.026052371957429266,0.04738962328813929,0.0006907978341119114,0.998536820817516,-0.679951,0.26993,0.397986,0.871628,-0.158906,-0.088782,0.199972,-0.081477,-0.871105,0.526405,-0.545906,0.06681,0.224065,0.05593,0.181754,-0.865987,1.405699,-0.121648,1.237856,0.93762,0.736339,-0.290035,-1.687153,-0.756813,0.24547,1.322581,-0.987994,0.398181,0.115357
0.0002727681725504163,-0.0011702506244576452,0.730574,-0.026291384707921406,0.047206129677617885,-0.0007917598484365462,0.9985387490074396,-0.677474,0.27411,0.400935,0.874707,-0.163901,-0.089955,0.198509,-0.082631,-0.870271,0.529673,-0.546591,0.066963,0.225035,0.055157,0.180909,-0.865322,1.405515,-0.115138,1.239587,0.938278,0.751345,-0.292278,-1.686441,-0.758122,0.244179,1.321373,-1.007464,0.391261,0.119548
0.00023399952768730795,-0.0013147981674166357,0.730574,-0.02636264436213006,0.047177370997501036,-0.002204434102533126,0.9985366390755462,-0.676067,0.277929,0.403872,0.876262,-0.165991,-0.090951,0.196948,-0.08415,-0.869575,0.531756,-0.547052,0.067587,0.226944,0.054694,0.18032,-0.865903,1.405367,-0.111802,1.242271,0.929749,0.750762,-0.285941,-1.685933,-0.75846,0.242481,1.320489,-1.023248,0.384445,0.12123
-0.00005518596850438289,-0.001470543949999538,0.730567,-0.02638617587540914,0.047192839283857216,-0.0036926792375899797,0.9985302815618804,-0.676087,0.280565,0.405624,0.876462,-0.165265,-0.092027,0.195782,-0.085913,-0.868925,0.534008,-0.547605,0.068251,0.229022,0.054633,0.180463,-0.867746,1.405325,-0.1108,1.244092,0.915168,0.739934,-0.273158,-1.686232,-0.758423,0.241569,1.320233,-1.03551,0.378711,0.121096
-0.0006382327181335628,-0.0017021222040452541,0.730566,-0.026355340559233647,0.047255522481576835,-0.004965824443786848,0.9985229137984735,-0.67715,0.281953,0.406221,0.875152,-0.162225,-0.092807,0.194803,-0.087424,-0.868361,0.535586,-0.548145,0.068919,0.231455,0.054137,0.181492,-0.868626,1.405342,-0.109934,1.244597,0.896894,0.724534,-0.256302,-1.685675,-0.758091,0.240398,1.319406,-1.045793,0.37441,0.121113
-0.0013659404796838787,-0.0020328629087965956,0.730477,-0.02634324991157737,0.047306304528003225,-0.005614638421533258,0.9985171325978315,-0.679006,0.282591,0.406056,0.874124,-0.158863,-0.093481,0.193737,-0.088922,-0.868211,0.537674,-0.549248,0.069599,0.232781,0.053845,0.182595,-0.867957,1.405676,-0.110999,1.24398,0.874752,0.707644,-0.237445,-1.685938,-0.757264,0.242182,1.318846,-1.053286,0.372061,0.12289
-0.001833910908708362,-0.002470638739055247,0.730324,-0.02621010177960604,0.0473873204212128,-0.006191990231997457,0.9985138330593957,-0.68064,0.282317,0.405497,0.873082,-0.156,-0.094053,0.193513,-0.09009,-0.86884,0.540526,-0.550548,0.070129,0.23271,0.053592,0.183412,-0.866698,1.406458,-0.115509,1.243055,0.850307,0.692569,-0.219801,-1.68853,-0.755669,0.247646,1.319917,-1.056932,0.37296,0.126928
-0.001938877656155622,-0.0029569256727994516,0.730192,-0.025853751441720016,0.047128045592722816,-0.005473904996274814,0.9985396515457419,-0.681381,0.281427,0.404669,0.872556,-0.15478,-0.094218,0.193061,-0.092013,-0.870644,0.543197,-0.551497,0.07072,0.231521,0.053149,0.1844,-0.864445,1.407139,-0.121393,1.239767,0.830343,0.684366,-0.208746,-1.691939,-0.754324,0.253316,1.321422,-1.055877,0.378443,0.132898
-0.0020741525655525762,-0.0033589427108558618,0.729996,-0.025732115644285368,0.046753037949090796,-0.00468541008582346,0.9985636051716122,-0.681811,0.280127,0.403481,0.872783,-0.153627,-0.093942,0.193255,-0.094023,-0.872729,0.547498,-0.552748,0.071024,0.229793,0.05198,0.185216,-0.862148,1.407244,-0.125987,1.23379,0.824635,0.686962,-0.209961,-1.696009,-0.753605,0.256495,1.32354,-1.049445,0.388936,0.13962
-0.0022069371194642843,-0.0036508198463811765,0.729767,-0.025644415942589854,0.04604311488120068,-0.0033257440833899254,0.9986052388337905,-0.682173,0.277943,0.401358,0.872238,-0.152627,-0.093555,0.193408,-0.096212,-0.874863,0.553141,-0.554353,0.070922,0.227704,0.050331,0.185475,-0.859991,1.407163,-0.1271,1.223655,0.839132,0.69892,-0.225045,-1.700544,-0.753596,0.25665,1.327277,-1.039049,0.403087,0.146243
-0.002454618903691555,-0.003783189532344382,0.729584,-0.02562903301891118,0.04519098322138566,-0.0014737542520972813,0.9986486745885182,-0.682884,0.274808,0.398363,0.871065,-0.149825,-0.092904,0.193653,-0.09797,-0.877287,0.558397,-0.556458,0.070356,0.225589,0.049511,0.185785,-0.861911,1.40607,-0.127745,1.214864,0.867807,0.711213,-0.247752,-1.707702,-0.754156,0.256288,1.335393,-1.026467,0.418593,0.152305
-0.0034675483454767965,-0.004007635396562567,0.729352,-0.02565086401170902,0.044410824642791884,0.0006343896645292224,0.9986839198263651,-0.684711,0.270956,0.394509,0.868275,-0.145134,-0.092355,0.193999,-0.098356,-0.877738,0.562624,-0.558711,0.069064,0.224565,0.048893,0.185987,-0.862733,1.404198,-0.125575,1.20991,0.896436,0.714993,-0.266515,-1.712688,-0.755464,0.25295,1.343033,-1.016266,0.433759,0.158218
-0.003696488957949954,-0.004704121000118319,0.729248,-0.025657402320750086,0.0439380601660015,0.00221810409815576,0.9987025904643533,-0.686696,0.267512,0.390583,0.864806,-0.139999,-0.092249,0.193689,-0.097884,-0.877076,0.562632,-0.559373,0.068432,0.22577,0.049755,0.185599,-0.862395,1.402546,-0.122055,1.210451,0.914779,0.710138,-0.274358,-1.715497,-0.7574,0.248831,1.348885,-1.010926,0.446194,0.162741
-0.0038854977038098363,-0.005816173019579842,0.728581,-0.02570156332661672,0.04393610938132678,0.002193383539855709,0.9987012142385965,-0.690484,0.267357,0.387481,0.86851,-0.140068,-0.091899,0.19377,-0.098177,-0.875724,0.566691,-0.563814,0.067625,0.227049,0.050186,0.185323,-0.86216,1.401504,-0.119327,1.213431,0.922428,0.705104,-0.275056,-1.716153,-0.758835,0.243836,1.350039,-1.010217,0.452261,0.162931
-0.003895123138731768,-0.0059981327706309035,0.728305,-0.025661240245120426,0.043917805034885474,0.0027028556504382073,0.9987016247730515,-0.692314,0.267673,0.385266,0.871319,-0.140993,-0.092063,0.193,-0.098073,-0.873934,0.567007,-0.56475,0.067204,0.228969,0.051084,0.185303,-0.860088,1.401138,-0.117879,1.213685,0.925008,0.706921,-0.276075,-1.716342,-0.759903,0.241635,1.3505,-1.012759,0.451382,0.158293
-0.003908384377197364,-0.006237292005356138,0.728213,-0.025563960468544786,0.04417925224766349,0.002444545951728716,0.998693312158988,-0.692909,0.268163,0.384389,0.872298,-0.142147,-0.092453,0.192604,-0.097964,-0.871552,0.56747,-0.565488,0.066664,0.230632,0.051621,0.185208,-0.855249,1.401316,-0.117193,1.214776,0.927492,0.715431,-0.280101,-1.7166,-0.760846,0.240626,1.34995,-1.018304,0.444452,0.148906
-0.0039640225855137705,-0.006618356815821939,0.728197,-0.025597989996886027,0.04449080800704031,0.0004805990232595869,0.9986815877333368,-0.693837,0.270514,0.384027,0.873268,-0.14211,-0.093128,0.191287,-0.097908,-0.868113,0.56768,-0.565393,0.06655,0.232305,0.051644,0.185176,-0.85094,1.401694,-0.116602,1.214178,0.933495,0.727774,-0.287073,-1.716464,-0.761537,0.240235,1.348394,-1.026371,0.432871,0.136152
-0.004746253275487205,-0.007084881357152503,0.728192,-0.0259190711331414,0.04444480905117217,-0.0018463132138264449,0.9986740087558683,-0.694555,0.274159,0.385105,0.872779,-0.139826,-0.094464,0.18901,-0.098068,-0.863228,0.569641,-0.565867,0.066445,0.234748,0.051672,0.184678,-0.845999,1.402677,-0.11378,1.21477,0.944097,0.742008,-0.296107,-1.713832,-0.762584,0.240198,1.346401,-1.036735,0.419611,0.122407
-0.005541993470280671,-0.007457819076336363,0.728182,-0.02629613313361228,0.044324056213520646,-0.004364419505021533,0.9986616513190962,-0.695223,0.278042,0.386643,0.871223,-0.137149,-0.09568,0.186507,-0.098033,-0.857883,0.571135,-0.566459,0.066338,0.237734,0.051771,0.184079,-0.844076,1.403287,-0.110956,1.217861,0.957891,0.756915,-0.306465,-1.711341,-0.762838,0.240386,1.343188,-1.049879,0.407601,0.11096
-0.0058723404470702725,-0.007837838648103357,0.728154,-0.02651848855272726,0.04417818617687776,-0.006091602167454857,0.9986528734725763,-0.695465,0.280483,0.388009,0.868816,-0.134997,-0.096428,0.185209,-0.097844,-0.853805,0.571744,-0.566993,0.066133,0.239635,0.0523,0.183786,-0.84203,1.403837,-0.106293,1.22128,0.971315,0.770794,-0.317216,-1.709662,-0.7629,0.239247,1.3403,-1.065165,0.399115,0.104303
-0.005967183496628388,-0.008294401673271308,0.728059,-0.02658609977892862,0.04410015591293133,-0.006679701380121639,0.9986507959594646,-0.694866,0.281016,0.38918,0.86606,-0.134768,-0.096444,0.185654,-0.097974,-0.852188,0.571781,-0.567296,0.066137,0.23943,0.052805,0.183906,-0.839258,1.403884,-0.101731,1.223362,0.979547,0.781522,-0.326924,-1.710618,-0.762812,0.235103,1.338983,-1.07987,0.395483,0.102838
-0.005835242897567094,-0.008675903545244883,0.727824,-0.02614390677588815,0.043832218703753395,-0.005899373268757335,0.9986790278317833,-0.693721,0.279827,0.389687,0.864321,-0.137384,-0.095864,0.187544,-0.099495,-0.854045,0.573554,-0.568135,0.066436,0.237065,0.053173,0.184551,-0.83545,1.403577,-0.10001,1.222657,0.978411,0.787549,-0.334057,-1.715131,-0.762867,0.229522,1.341117,-1.090542,0.397703,0.104391
-0.005229335993755505,-0.008954366871220608,0.727537,-0.02558589878770836,0.04369217554923471,-0.004380381057351335,0.9987078490338366,-0.69214,0.277286,0.389497,0.863657,-0.142022,-0.094954,0.189809,-0.101867,-0.858043,0.576806,-0.568668,0.067141,0.233558,0.052931,0.185597,-0.82834,1.403098,-0.100148,1.21785,0.966978,0.789685,-0.337731,-1.721448,-0.763198,0.222587,1.345972,-1.095749,0.405453,0.105892
-0.0042846942668228775,-0.009364449799099525,0.727385,-0.024890429125178512,0.043659040243281405,-0.002338113112035911,0.9987332781419047,-0.690321,0.274098,0.388708,0.863845,-0.146679,-0.094113,0.192336,-0.104661,-0.86381,0.579899,-0.568323,0.06819,0.230269,0.052931,0.186744,-0.820228,1.402712,-0.103038,1.210308,0.946757,0.790622,-0.337216,-1.728124,-0.76429,0.217525,1.352148,-1.094158,0.41641,0.104641
-0.0034700506243270784,-0.009966463699056311,0.727286,-0.024192017514772138,0.043744872768873816,-0.00017657124993686324,0.998749611494089,-0.688782,0.271127,0.387755,0.864689,-0.150653,-0.093672,0.194178,-0.107448,-0.869946,0.583167,-0.567922,0.069437,0.227725,0.052976,0.187502,-0.813466,1.402958,-0.108242,1.205146,0.920454,0.792704,-0.332307,-1.734189,-0.766569,0.218691,1.358563,-1.083991,0.42736,0.099823
-0.0033566480886914963,-0.010797210871733676,0.727205,-0.023595337214361793,0.04392018568654455,0.0016878482945530404,0.998755066961432,-0.68815,0.270942,0.387925,0.867573,-0.154271,-0.093701,0.195081,-0.110037,-0.875088,0.587312,-0.567965,0.070514,0.226348,0.05269,0.187394,-0.809331,1.403393,-0.11262,1.204584,0.891167,0.796431,-0.323935,-1.737319,-0.769719,0.22525,1.362317,-1.066547,0.4363,0.093285
-0.0021533417464878013,-0.011648879144485664,0.727216,-0.02316226136937221,0.044090852943177314,0.0029112639468773516,0.9987546905998648,-0.686939,0.272086,0.38902,0.871066,-0.157283,-0.094005,0.19499,-0.111778,-0.879138,0.589489,-0.567406,0.071695,0.226521,0.053073,0.186353,-0.808276,1.404076,-0.115172,1.207219,0.864322,0.801557,-0.314919,-1.737249,-0.77341,0.233476,1.36268,-1.049029,0.443026,0.08834
-0.0020989933942646396,-0.012439159004162356,0.727202,-0.022926615556496555,0.044141931812332474,0.003524966677627306,0.9987560899818941,-0.685761,0.27411,0.390625,0.871869,-0.160024,-0.094966,0.194385,-0.11218,-0.879729,0.591118,-0.567477,0.072006,0.227961,0.053415,0.185073,-0.810877,1.404686,-0.115579,1.210696,0.847661,0.807648,-0.3096,-1.735426,-0.776834,0.237776,1.360254,-1.041126,0.447133,0.087856
-0.00225967636582865,-0.013330841673417158,0.727187,-0.02291579605765355,0.0441523657684363,0.003546987136973656,0.9987556526850522,-0.685088,0.276907,0.392052,0.872429,-0.160415,-0.095143,0.194364,-0.112215,-0.879774,0.591145,-0.567487,0.072013,0.228993,0.052958,0.185432,-0.817401,1.404247,-0.115346,1.212494,0.845916,0.814732,-0.309882,-1.733583,-0.778718,0.23470899999999997,1.356159,-1.045772,0.447791,0.09258600000000003
-0.002516052680370388,-0.013765021573161486,0.727178,-0.022941236179000075,0.044086395901449436,0.0034353543643361184,0.9987584634406816,-0.684738,0.279483,0.393332,0.872648,-0.161266,-0.095634,0.193785,-0.111815,-0.879354,0.591606,-0.567639,0.072118,0.230288,0.052454,0.185181,-0.823629,1.403441,-0.113901,1.214315,0.851826,0.823109,-0.311619,-1.731911,-0.779246,0.227854,1.354077,-1.055113,0.447043,0.098941
-0.0026829425163728176,-0.014490311710030224,0.727142,-0.023126899296660838,0.043988522479416245,0.0029966992702570305,0.9987597705131518,-0.685036,0.28017,0.393422,0.871071,-0.159653,-0.096457,0.193695,-0.111035,-0.878927,0.591453,-0.567994,0.07193,0.231079,0.050902,0.185192,-0.829813,1.401563,-0.111414,1.214964,0.85841,0.830921,-0.313557,-1.728668,-0.779389,0.218145,1.351868,-1.062951,0.44655,0.103811
-0.002372054708530516,-0.015000619235876176,0.727089,-0.023302664991598797,0.043864977263066214,0.0028659821722233914,0.9987615141534982,-0.685746,0.280582,0.393077,0.869338,-0.157579,-0.096534,0.194239,-0.110439,-0.879598,0.590802,-0.568187,0.07186,0.231264,0.049288,0.185601,-0.834864,1.398698,-0.108469,1.215916,0.858905,0.834635,-0.314777,-1.727314,-0.779054,0.211356,1.350719,-1.063503,0.447921,0.10456
-0.0026603323588031834,-0.015180863504448782,0.726942,-0.023403524919948075,0.04366202092575845,0.0032409169083671974,0.9987668940821943,-0.686577,0.280703,0.392249,0.868758,-0.156624,-0.095951,0.195245,-0.11092,-0.882123,0.591592,-0.569252,0.071495,0.231,0.048534,0.18543,-0.836598,1.39613,-0.106719,1.216974,0.84885,0.834222,-0.313896,-1.727723,-0.778886,0.210926,1.35294,-1.056725,0.451321,0.102352
-0.002924996310316746,-0.015431053417853032,0.726816,-0.02341672795093551,0.04338780261861478,0.0037701685320574163,0.9987767793652593,-0.687031,0.281789,0.392135,0.871108,-0.156689,-0.095212,0.195854,-0.112277,-0.884989,0.594308,-0.570302,0.071721,0.230881,0.048116,0.185439,-0.8358,1.393933,-0.106837,1.216839,0.829149,0.833715,-0.311928,-1.730257,-0.778667,0.215329,1.354908,-1.046303,0.45483,0.100663
-0.00303667702490468,-0.015909098832002273,0.726741,-0.02342748693127459,0.04309208950706565,0.0038600010063873924,0.9987886168715734,-0.687566,0.283564,0.3928,0.87238,-0.155514,-0.094834,0.195445,-0.113594,-0.886593,0.597041,-0.571062,0.072275,0.231731,0.047973,0.185399,-0.834046,1.392449,-0.108563,1.217612,0.808094,0.838401,-0.311971,-1.733097,-0.778332,0.223047,1.355466,-1.036222,0.457031,0.101662
-0.0036693883006837045,-0.01650449906839967,0.726709,-0.0234622683752391,0.042848076697656515,0.0033189824682440805,0.9988004465539526,-0.68852,0.285421,0.393499,0.872886,-0.1528,-0.094862,0.194301,-0.114604,-0.8866,0.599752,-0.571673,0.072365,0.233747,0.047631,0.185664,-0.832899,1.391863,-0.110796,1.218725,0.797008,0.850166,-0.317846,-1.734626,-0.777867,0.231694,1.35497,-1.029726,0.456979,0.105203
-0.004375977138827686,-0.017170518748146714,0.726678,-0.023389454577047025,0.04267659156479409,0.002662340756951709,0.9988117453588008,-0.689616,0.286122,0.393673,0.872602,-0.149385,-0.095127,0.193666,-0.114955,-0.885819,0.601703,-0.57213,0.07256,0.235138,0.046167,0.185838,-0.833234,1.391637,-0.112449,1.220253,0.800958,0.86707,-0.330353,-1.735116,-0.777361,0.239272,1.3531,-1.028924,0.454604,0.108732
-0.004498257620712723,-0.017878032340772298,0.726599,-0.02285489449357468,0.042519367148248687,0.0030490071116181516,0.9988294690764952,-0.69069,0.285203,0.392828,0.87129,-0.146341,-0.095565,0.193253,-0.115607,-0.885984,0.603415,-0.573144,0.072283,0.236375,0.045525,0.186406,-0.834656,1.391443,-0.113897,1.221393,0.814663,0.885718,-0.346023,-1.736902,-0.776632,0.245238,1.352651,-1.03416,0.450447,0.109892
-0.004591102333405285,-0.018531717172572015,0.72653,-0.02250279780728987,0.04246198314780211,0.003765055638467185,0.9988373752258368,-0.691441,0.283208,0.390836,0.870378,-0.143885,-0.09638,0.193751,-0.116242,-0.887739,0.604215,-0.573797,0.072127,0.236632,0.044152,0.187632,-0.835524,1.391285,-0.113978,1.222191,0.828611,0.903595,-0.360589,-1.737419,-0.776444,0.245554,1.350344,-1.044627,0.444986,0.109362
-0.0046743614842052585,-0.019272235851477606,0.726528,-0.02203626467724975,0.04244887442646971,0.005245609592445244,0.9988423741617111,-0.692009,0.281293,0.388318,0.869682,-0.142577,-0.097387,0.194042,-0.11599,-0.888925,0.603867,-0.574372,0.072146,0.236824,0.043632,0.188465,-0.835467,1.390267,-0.113958,1.224009,0.835596,0.92158,-0.369272,-1.73767,-0.775661,0.243163,1.349492,-1.058434,0.439593,0.109845
-0.004812163067378431,-0.02015462109822358,0.726528,-0.021899655298006887,0.04246999023814909,0.005817036141396836,0.9988402064086777,-0.692974,0.280128,0.38542,0.869892,-0.141647,-0.09839,0.193409,-0.115044,-0.889251,0.602943,-0.574721,0.072224,0.236885,0.044051,0.189562,-0.835041,1.38893,-0.113991,1.225764,0.834457,0.941429,-0.372271,-1.736239,-0.77469,0.237888,1.346665,-1.074606,0.434405,0.11433
-0.004936329282296016,-0.02078370992428318,0.726575,-0.02194347029145064,0.04263193234616774,0.006463694505767503,0.9988294844783748,-0.693597,0.279659,0.38382,0.869663,-0.140917,-0.098883,0.192132,-0.113217,-0.888149,0.601397,-0.575285,0.072335,0.237183,0.044675,0.190872,-0.838001,1.387284,-0.11544,1.22649,0.827541,0.964101,-0.370549,-1.734907,-0.772864,0.233511,1.342267,-1.091547,0.430376,0.12189
-0.005509405676027541,-0.021392288963478306,0.726915,-0.02216920710346714,0.042849672768920676,0.006467056812129446,0.9988148661714986,-0.694115,0.279085,0.38145,0.866736,-0.138051,-0.0993,0.190465,-0.111173,-0.885329,0.598062,-0.574224,0.072307,0.238852,0.045624,0.192669,-0.8452,1.386144,-0.118305,1.227214,0.82123,0.985999,-0.366157,-1.735223,-0.77033,0.232153,1.338131,-1.103195,0.43005,0.128602
-0.006377738767867761,-0.02220427026967644,0.7278,-0.0220832125535074,0.042817580131490535,0.006443388746383172,0.9988178364684237,-0.692753,0.27756,0.379877,0.858759,-0.13199,-0.098894,0.19015,-0.107301,-0.883234,0.58997,-0.569422,0.072304,0.239914,0.045364,0.193064,-0.856055,1.385682,-0.12206,1.225627,0.819109,1.002606,-0.358004,-1.737158,-0.767399,0.232495,1.335011,-1.100679,0.437969,0.131326
-0.006497804639177948,-0.022528739353791582,0.72902,-0.022236269804171892,0.042904295055344675,0.006230937696872718,0.9988126836476485,-0.689815,0.274876,0.378443,0.847428,-0.123452,-0.097931,0.191618,-0.103251,-0.882475,0.579353,-0.562442,0.072413,0.243786,0.047184,0.194057,-0.866543,1.386907,-0.127215,1.223081,0.817099,1.01245,-0.34569,-1.740733,-0.764524,0.238082,1.333235,-1.0804,0.453937,0.131066
-0.006679856530761087,-0.02326565326244782,0.729983,-0.022008747986049584,0.04231243457999738,0.006111289418617549,0.9988430363989338,-0.687605,0.27152,0.37511,0.838124,-0.114754,-0.097407,0.192928,-0.101845,-0.883199,0.573355,-0.557499,0.073081,0.249191,0.049646,0.193546,-0.869533,1.389815,-0.132269,1.220467,0.815282,1.016246,-0.336025,-1.743831,-0.76232,0.245222,1.332437,-1.041657,0.475871,0.129504
-0.00701093754817728,-0.024079686038143398,0.730786,-0.021555084329763326,0.04144035299725126,0.005763721804495914,0.9988917678427229,-0.68694,0.26524,0.365844,0.830244,-0.104322,-0.099258,0.193402,-0.103135,-0.885037,0.571914,-0.554812,0.07419,0.257632,0.053276,0.191674,-0.865809,1.394874,-0.136378,1.216017,0.822146,1.019696,-0.33926,-1.745712,-0.761188,0.254183,1.332596,-0.985445,0.500461,0.12775
-0.008194631190998825,-0.024186860475132143,0.73174,-0.020719275882570498,0.039983943288549366,0.004696538528462357,0.9989748693189688,-0.687853,0.251559,0.345178,0.819715,-0.088483,-0.105887,0.193498,-0.105431,-0.887355,0.569434,-0.552761,0.075497,0.266126,0.055247,0.189318,-0.858114,1.400872,-0.136681,1.20944,0.846292,1.028081,-0.36066,-1.744154,-0.760934,0.263911,1.33333,-0.913752,0.523475,0.122552
-0.009239395482058864,-0.024085363794763632,0.73207,-0.01982759477458084,0.03844121298105738,0.002923102891765783,0.9990601162690282,-0.693004,0.229272,0.31009,0.811512,-0.069925,-0.118644,0.191943,-0.111228,-0.888832,0.574162,-0.556383,0.076641,0.276169,0.055287,0.187493,-0.849138,1.406581,-0.131591,1.200571,0.889642,1.042499,-0.397346,-1.737723,-0.760986,0.276252,1.335775,-0.827206,0.540581,0.106231
-0.009819224079923725,-0.02331329139071199,0.732015,-0.018516326974234384,0.036858821513760305,0.0001459864915591691,0.9991486685118207,-0.698928,0.200824,0.267207,0.804119,-0.051791,-0.136154,0.190414,-0.119837,-0.889555,0.582579,-0.562905,0.077502,0.286307,0.052386,0.186839,-0.838561,1.41108,-0.121093,1.190844,0.946056,1.061055,-0.443046,-1.727382,-0.760803,0.294867,1.341608,-0.724032,0.548832,0.071445
-0.009919878724143506,-0.021942038444462846,0.731702,-0.01653895948489772,0.03574463534793594,-0.0034519859302090117,0.9992183424107755,-0.702788,0.173291,0.229245,0.799543,-0.039679,-0.153672,0.189819,-0.131938,-0.890374,0.594765,-0.569725,0.078094,0.295399,0.047029,0.18832,-0.824403,1.414134,-0.106506,1.181648,1.003226,1.081714,-0.490187,-1.716496,-0.760435,0.322829,1.352099,-0.607471,0.547741,0.017664
-0.00964467803127228,-0.020507874723459135,0.730296,-0.013695437112901662,0.035484838273360575,-0.007614235298465,0.9992475005391905,-0.707252,0.153902,0.206574,0.805986,-0.040216,-0.166294,0.187692,-0.15208,-0.891627,0.622073,-0.580254,0.078733,0.302138,0.039732,0.192494,-0.806257,1.415856,-0.089094,1.174275,1.045961,1.102137,-0.528689,-1.7088,-0.760598,0.359216,1.36712,-0.492922,0.540207,-0.045841
-0.008154778676423408,-0.019243649699018907,0.7273,-0.009753359762857678,0.036058401841128074,-0.012767361355562112,0.9992207266775526,-0.714442,0.144761,0.202071,0.826566,-0.054429,-0.172884,0.181832,-0.183579,-0.892761,0.671484,-0.595949,0.079775,0.30601,0.030812,0.199381,-0.786396,1.416262,-0.069083,1.170745,1.059678,1.118383,-0.545014,-1.706245,-0.76211,0.397773,1.385499,-0.401711,0.532458,-0.104767
-0.004653880135247574,-0.018011848008651084,0.723249,-0.004552413255271687,0.037128212770792327,-0.020412545232438684,0.9990915427437735,-0.722329,0.143446,0.212237,0.854478,-0.076306,-0.176237,0.172018,-0.226167,-0.892435,0.73832,-0.612106,0.081646,0.306815,0.020521,0.207763,-0.766928,1.415187,-0.045317,1.17608,1.034021,1.124468,-0.525992,-1.707081,-0.765429,0.429489,1.405082,-0.346389,0.52967,-0.147778
-0.0018040484766923483,-0.01571692218895749,0.718766,0.0017419897920570374,0.03847476328145982,-0.0325595878755085,0.998727268084424,-0.729514,0.147333,0.231935,0.883374,-0.09934,-0.179729,0.156528,-0.278987,-0.888406,0.817193,-0.624046,0.085055,0.305548,0.00956,0.215669,-0.746955,1.412729,-0.01595,1.193976,0.966399,1.113101,-0.467144,-1.705793,-0.770886,0.449615,1.422022,-0.32457,0.531116,-0.169389
-0.0008993637822064396,-0.01161755399330063,0.714542,0.008458409127105885,0.04025618302867886,-0.0505382819081297,0.9978751942135721,-0.735438,0.155582,0.25731,0.909759,-0.119831,-0.184786,0.131232,-0.33896,-0.87796,0.901551,-0.62853,0.090044,0.300958,-0.000493,0.223416,-0.722049,1.409432,0.020263,1.225101,0.86531,1.077465,-0.380583,-1.698125,-0.779198,0.460146,1.431568,-0.325087,0.533325,-0.167241
0.0002771436786040188,-0.004779005375746073,0.710819,0.014492648631864169,0.04282536141859547,-0.07441698640239403,0.9962017090252284,-0.740848,0.16903,0.284778,0.935994,-0.140018,-0.191068,0.091295,-0.399762,-0.858895,0.985644,-0.626639,0.094814,0.288348,-0.008157,0.230374,-0.687564,1.405554,0.061337,1.260587,0.749928,1.015446,-0.292049,-1.69171,-0.791129,0.458971,1.431698,-0.332451,0.54002,-0.143894
-0.0012063519306913918,0.003644666791260496,0.707833,0.01876935823121127,0.046094918728515635,-0.10351266284754296,0.9933826699692374,-0.744848,0.188951,0.311182,0.964225,-0.163585,-0.196842,0.047016,-0.446146,-0.833857,1.062047,-0.608305,0.090947,0.272359,-0.019508,0.231159,-0.646289,1.406402,0.113029,1.316116,0.641008,0.952672,-0.221426,-1.638726,-0.810448,0.532086,1.397221,-0.326571,0.567501,-0.114542
-0.00032006395809221645,0.013388926621007753,0.705899,0.02125559067698257,0.04983417015434863,-0.13903939852378855,0.9888032908420881,-0.746594,0.217193,0.335261,0.994276,-0.189795,-0.198576,-0.032736,-0.49488,-0.797396,1.125409,-0.608554,0.095849,0.240379,-0.020939,0.221662,-0.599811,1.411027,0.183252,1.371316,0.544312,0.810328,-0.167625,-1.583107,-0.840796,0.579166,1.392079,-0.27195,0.637853,-0.115004
-0.0020117352998301734,0.024413249642016566,0.705802,0.022077949353965287,0.053415781076854775,-0.1836557571882289,0.9812899068755838,-0.739565,0.24758400000000028,0.37101800000000007,1.0260800000000003,-0.21478400000000014,-0.19393999999999992,-0.10875800000000077,-0.5251230000000003,-0.7684489999999997,1.1529470000000004,-0.6121669999999998,0.09364800000000004,0.17554999999999923,-0.0184850000000001,0.20731800000000006,-0.5355870000000003,1.417389,0.2602930000000003,1.4007629999999998,0.44195699999999954,0.6242909999999995,-0.14139399999999946,-1.5018209999999994,-0.8898060000000004,0.6100370000000002,1.4229700000000003,-0.16668999999999917,0.7149940000000005,-0.14017199999999977
-0.0018484539601246004,0.03780522963767446,0.70586,0.024837676031566894,0.05650251638954611,-0.22545352131429458,0.9722968132545663,-0.738391,0.285325,0.378233,1.060967,-0.233508,-0.184069,-0.217394,-0.565521,-0.718101,1.201802,-0.573881,0.100319,0.06499,-0.032302,0.214778,-0.570045,1.410615,0.30001,1.373136,0.380367,0.545602,-0.067762,-1.419608,-0.952701,0.629428,1.44594,-0.047847,0.778486,-0.110477
0.0023267431865250775,0.05752442517873567,0.706161,0.020127342200816998,0.05984275174096869,-0.30409762720209155,0.950546170020193,-0.74539,0.34861,0.351054,1.106984,-0.254635,-0.172932,-0.371201,-0.559849,-0.625314,1.227821,-0.491622,0.1135,-0.044742,-0.052985,0.274582,-0.789944,1.373508,0.206521,1.235937,0.301642,0.512169,0.091263,-1.328658,-0.991331,0.619759,1.346792,0.061269,0.771345,-0.070371
0.007210772314022019,0.07635325999350213,0.707975,0.01366070161302289,0.062173789601728105,-0.3787558617634943,0.9233044476779004,-0.752056,0.394036,0.306464,1.142919,-0.262352,-0.155898,-0.491483,-0.517341,-0.539402,1.21135,-0.405316,0.122535,-0.126405,-0.058657,0.324827,-0.961032,1.313722,0.021656,1.085557,0.261179,0.454221,0.160247,-1.255286,-1.008277,0.589798,1.25272,0.025634,0.70447,-0.105968
0.025059396492647837,0.0915493745932995,0.714489,0.009925002866967826,0.06519832343005977,-0.4495640619370086,0.8908106803803474,-0.73789,0.402056,0.264476,1.175764,-0.2535,-0.137702,-0.572,-0.480869,-0.451315,1.099533,-0.296389,0.134977,-0.190108,-0.056081,0.341914,-1.060815,1.25056,-0.15795,0.980432,0.256267,0.443393,0.135933,-1.187931,-1.020043,0.512207,1.23478,0.00435,0.643207,-0.22271
0.0656528095030161,0.10646031906941046,0.727532,0.00737710199756636,0.07045870166358092,-0.5499896345024375,0.8321613067698325,-0.686569,0.377719,0.227012,1.191807,-0.232456,-0.115404,-0.625807,-0.427969,-0.343215,0.944682,-0.084141,0.170401,-0.243309,-0.052591,0.342973,-1.152453,1.181864,-0.301704,0.90656,0.256247,0.510502,0.057768,-1.106057,-1.026132,0.386444,1.230371,0.07672,0.607807,-0.349123
0.1158223296413494,0.11387976507901039,0.744855,0.0020240334050251607,0.07598770425388138,-0.6777603531219212,0.7313431810757851,-0.595662,0.343614,0.205751,1.175489,-0.193921,-0.087139,-0.640647,-0.330751,-0.22308,0.704447,0.234909,0.224625,-0.253183,-0.044747,0.337398,-1.216126,1.112313,-0.409405,0.848413,0.239265,0.570452,-0.015899,-1.004145,-1.022125,0.281813,1.167186,0.115004,0.565568,-0.364889
0.15771946475971754,0.11003508435452855,0.761456,-0.007968568034705213,0.07883339546458895,-0.8070247670544978,0.585177104564621,-0.486146,0.309358,0.206794,1.135881,-0.125463,-0.062174,-0.646592,-0.219059,-0.143891,0.49358,0.492419,0.2618,-0.226164,-0.037287,0.30786,-1.204287,1.067187,-0.495283,0.825838,0.196896,0.533024,-0.023707,-0.836093,-1.022897,0.209497,1.079783,0.078591,0.485461,-0.284154
0.1878648955661248,0.10160368195065092,0.772956,-0.02267554451277604,0.07551005303963912,-0.9140090658558779,0.39795898062899066,-0.377482,0.251389,0.214944,1.086137,-0.028083,-0.051361,-0.692222,-0.135885,-0.178394,0.54518,0.5236,0.2618,-0.207007,-0.040054,0.263555,-1.1152,1.04866,-0.547501,0.802785,0.159132,0.420242,0.033237,-0.587362,-1.033636,0.106992,0.997856,0.06351,0.387151,-0.222151
0.20984652296914857,0.08895661186645215,0.780192,-0.0379348373872436,0.07674223523851378,-0.979914023975228,0.1801090827628528,-0.280583,0.186116,0.235572,1.01867,0.073639,-0.067681,-0.726306,-0.068679,-0.284854,0.724885,0.487993,0.2618,-0.192294,-0.02522,0.239511,-1.008816,1.02141,-0.510033,0.712656,0.148961,0.337176,0.10248,-0.424931,-1.035597,0.020488,0.880742,0.094314,0.325575,-0.186668
0.2239752953014047,0.06873122928951994,0.784433,-0.052909347871992474,0.06854935017022763,-0.9958257811527762,-0.028848987979874674,-0.183797,0.097381,0.292435,0.907089,0.164984,-0.109042,-0.797815,-0.075805,-0.338778,1.106718,0.439202,0.2618,-0.1954,-0.013284,0.250304,-0.986018,0.960562,-0.411407,0.615759,0.141887,0.327861,0.124014,-0.467212,-1.024108,0.040848,0.754597,0.159735,0.292467,-0.126245
0.2366780370598433,0.05131754634137768,0.786518,-0.05647780197580443,0.05015906965825642,-0.9750779672472452,-0.20860622768982767,-0.175944,-0.013178,0.32477,0.781109,0.274905,-0.175719,-0.890777,-0.157789,-0.323073,1.494123,0.511254,0.2618,-0.211708,0.005968,0.267378,-1.056844,0.873123,-0.362119,0.571258,0.139743,0.321519,0.147238,-0.638678,-1.000685,0.149529,0.675702,0.297848,0.270845,-0.038187
0.23801833829087743,0.03976564010863459,0.790571,-0.05960214032541831,0.03290289769350328,-0.92800655716659,-0.3662900496216249,-0.180632,-0.095831,0.316064,0.63496,0.405288,-0.2618,-0.969188,-0.264942,-0.278102,1.762188,0.5236,0.2618,-0.23807,0.021952,0.29357,-1.070827,0.783497,-0.454614,0.512761,0.11496,0.388999,0.130948,-0.8267,-0.965081,0.284838,0.627392,0.5257,0.277871,0.094874
0.23105076024224366,0.03448953907319215,0.796447,-0.05069026471286495,0.021496005125131445,-0.853426812731316,-0.5182963024402811,-0.226228,-0.058173,0.336867,0.596657,0.46281,-0.2618,-1.067181,-0.305595,-0.211936,1.89552,0.5236,0.2618,-0.226484,0.052143,0.291341,-1.180236,0.707926,-0.574593,0.53902,0.151862,0.462165,0.161554,-0.945636,-0.918862,0.394644,0.585302,0.5565,0.319606,0.023676
0.21829756464298336,0.033553238903904936,0.805689,-0.021209779334663788,0.014600375939504744,-0.7266363776829581,-0.686539296271371,-0.272463,-0.003711,0.346889,0.552767,0.447301,-0.2618,-1.150721,-0.338969,-0.234193,1.979372,0.359715,0.224279,-0.151921,0.073537,0.24869,-1.266049,0.676716,-0.626846,0.732868,0.063426,0.522105,0.167411,-0.992294,-0.887784,0.412951,0.644654,0.637091,0.40076,-0.012304
0.2112230720815495,0.04876876899648527,0.814182,0.007532642851366567,0.008738491269879268,-0.5564562344478026,-0.830796989010656,-0.285431,0.037546,0.326114,0.504671,0.38436,-0.245337,-1.164006,-0.413216,-0.337054,2.059691,0.164036,0.241183,-0.063106,0.09581,0.203798,-1.298951,0.683482,-0.665623,0.865415,0.088945,0.385036,0.113452,-0.980717,-0.88834,0.445504,0.665413,0.27931,0.331617,-0.02369
0.19661254993799934,0.07297515862180588,0.820233,0.028429949572149518,0.006195368618979456,-0.3556803045420373,-0.9341543631814195,-0.271348,0.066971,0.355703,0.473626,0.283762,-0.159355,-1.128701,-0.424861,-0.486228,2.142236,0.106034,0.2618,0.015671,0.120043,0.182991,-1.249278,0.699076,-0.737587,0.843546,0.170829,0.311977,0.094851,-0.921424,-0.890571,0.487196,0.600645,0.08106,0.259219,-0.031777
0.19373458259371992,0.09794948762110559,0.823628,0.03183002164347777,-0.0036578986010736766,-0.14984015019314312,-0.988190945268219,-0.292991,0.051201,0.315468,0.485765,0.184568,-0.126554,-1.029188,-0.458458,-0.633842,2.177496,0.105609,0.2618,0.054528,0.138465,0.18748,-1.203837,0.696346,-0.780456,0.722618,0.239291,0.3387,0.090909,-0.906958,-0.886663,0.551971,0.528688,-0.027797,0.224255,-0.043901
0.1950382359710779,0.11660074291054126,0.825615,0.021270774573997918,-0.022153034781315258,0.031735262221219085,-0.9990246100015506,-0.325417,0.019057,0.262892,0.50939,0.106088,-0.124066,-0.96534,-0.507898,-0.669077,2.224662,0.159334,0.2618,0.074249,0.14178,0.203838,-1.226687,0.682359,-0.806957,0.66452,0.244265,0.319511,0.062854,-0.951701,-0.875511,0.607293,0.486951,-0.095048,0.241985,-0.110353
0.19828531073114164,0.1267055242294297,0.827989,0.010389620422108435,-0.039677925203877626,0.17175552521884668,-0.9842850766956686,-0.354965,0.00151,0.237777,0.516742,0.063468,-0.13239,-0.961466,-0.555237,-0.608587,2.256825,0.24818,0.2618,0.075403,0.135729,0.230945,-1.294232,0.663627,-0.831542,0.675731,0.204437,0.278197,0.036672,-1.006068,-0.852282,0.620095,0.46612,-0.09525,0.318647,-0.200182
0.20769564909337096,0.1343224086914887,0.83409,0.003834170348269505,-0.05147714175962424,0.28814993016700663,-0.9561927913353818,-0.366921,0.001318,0.234799,0.508199,0.095791,-0.139412,-0.987325,-0.578079,-0.507621,2.245063,0.335868,0.2618,0.051233,0.123908,0.263039,-1.356784,0.639397,-0.850852,0.714354,0.164826,0.274258,0.037712,-1.019237,-0.816116,0.598325,0.455959,-0.021094,0.384862,-0.255049
0.22054288059387245,0.14018053832239666,0.842356,0.003955024549364347,-0.06093592176880502,0.4147112681012192,-0.9079019736854186,-0.364269,0.03053,0.23961,0.502799,0.188689,-0.136312,-0.981773,-0.589021,-0.425806,2.172248,0.387695,0.2618,0.020714,0.113322,0.284677,-1.381018,0.609471,-0.85781,0.757221,0.13549,0.308997,0.053409,-0.976843,-0.76619,0.548146,0.443567,0.105679,0.3872,-0.207889
0.23498768625632382,0.14196843076155885,0.848452,0.014103102802466967,-0.07314964457427697,0.5563189855102691,-0.8276228730290294,-0.361783,0.102278,0.239152,0.524228,0.27575,-0.122777,-0.916398,-0.606102,-0.353888,2.006234,0.407432,0.2618,0.011804,0.113552,0.281197,-1.360854,0.57968,-0.86758,0.790352,0.108352,0.333492,0.053842,-0.886783,-0.705158,0.492695,0.418848,0.256701,0.36213,-0.055194
0.2529476690645386,0.13954578705506185,0.850589,0.031389202566130175,-0.08892973218368784,0.6882802485606917,-0.7192889730985957,-0.356733,0.184599,0.218893,0.565244,0.32961,-0.100326,-0.833447,-0.589967,-0.260981,1.801242,0.416659,0.2618,0.029588,0.125915,0.250253,-1.304446,0.561112,-0.897128,0.799712,0.100953,0.292665,0.018037,-0.767948,-0.646504,0.465855,0.390257,0.315911,0.363026,0.036101
0.27273159231420824,0.13069057673281764,0.849786,0.05042536728499376,-0.10570051280941584,0.8046143028099846,-0.5821339832844348,-0.334406,0.236116,0.19074,0.607581,0.358781,-0.055365,-0.810851,-0.507573,-0.216389,1.689885,0.400505,0.2618,0.066418,0.145947,0.199409,-1.210989,0.562697,-0.934165,0.774206,0.136813,0.21374,-0.045858,-0.664558,-0.605135,0.4495,0.384607,0.213926,0.37386,-0.052524
0.29395411012493383,0.1135593048660403,0.84651,0.06666240500806207,-0.12056679637255482,0.9131171715015541,-0.3837134062474248,-0.288006,0.266825,0.188247,0.65883,0.347723,0.000748,-0.850605,-0.447354,-0.324024,1.699966,0.33229,0.2618,0.114347,0.166651,0.137177,-1.076242,0.582601,-0.939762,0.713904,0.218002,0.206211,-0.107055,-0.607833,-0.58903,0.429819,0.404561,0.109088,0.359271,-0.12941
0.3110154927601355,0.08560627569968274,0.836942,0.06632499371230269,-0.12226128261253849,0.9808793356076075,-0.13611851129063401,-0.248429,0.269592,0.205121,0.704461,0.325746,0.00316,-0.77684,-0.482272,-0.591015,1.881223,0.276656,0.2618,0.144562,0.166835,0.089235,-0.94442,0.600876,-0.876078,0.605657,0.315059,0.247884,-0.153858,-0.594363,-0.602074,0.521148,0.411943,-0.017128,0.311372,-0.163963
0.31068047460014264,0.06238916158460645,0.836457,0.0486069856395976,-0.09725234181258542,0.9891167027184005,0.09913626759405092,-0.221666,0.183704,0.203164,0.665588,0.307293,-0.088871,-0.741835,-0.479616,-0.615133,2.089508,0.265936,0.2618,0.095158,0.157167,0.102725,-0.877835,0.593182,-0.792634,0.453578,0.269619,0.297157,-0.072704,-0.694192,-0.623974,0.693052,0.35575,0.092148,0.230806,-0.132277
0.30126776960445034,0.038191246412756015,0.837604,0.038082769845462154,-0.049985743596525176,0.9409746581626592,0.3325930369861442,-0.169777,0.035528,0.205793,0.558695,0.232937,-0.247951,-0.775043,-0.557079,-0.425815,2.179689,0.5236,0.2618,-0.01068,0.138722,0.14676,-0.905407,0.559852,-0.69922,0.378927,0.094448,0.358196,0.029307,-0.911111,-0.636414,0.740981,0.447841,0.444215,0.242109,-0.026102
0.29250789053011483,0.03306457774752923,0.839099,0.03912154444880542,-0.023654970491212658,0.8807557840728619,0.4713581972546971,-0.116721,-0.041765,0.225413,0.474757,0.328722,-0.2618,-0.861609,-0.557299,-0.224678,2.193821,0.5236,0.2618,-0.045685,0.123763,0.163972,-0.994784,0.533813,-0.705623,0.441466,0.124672,0.369282,0.104119,-0.97294,-0.639424,0.811445,0.544321,0.129237,0.190921,-0.01237
0.2771100083118933,0.032132483227762396,0.848854,0.005493029683969034,-0.014399701034779682,0.780896928824047,0.6244701790079099,-0.16426,-0.022437,0.250754,0.4274,0.423614,-0.2618,-0.935411,-0.61942,-0.115147,2.182247,0.41933,0.2618,0.014392,0.147689,0.139191,-1.087957,0.532779,-0.813483,0.542845,0.11482,0.379449,0.156972,-0.971877,-0.627075,0.767876,0.538507,0.170357,0.154738,0.05653
0.25755133538514957,0.03586756051540467,0.857611,-0.029740408897858794,-0.011255792845826609,0.6481987068346441,0.760807645505022,-0.229405,0.025926,0.249931,0.451755,0.435919,-0.247163,-0.963066,-0.685714,-0.157647,2.156884,0.24228,0.2618,0.095522,0.180082,0.108001,-1.148675,0.554611,-0.947006,0.637856,0.098885,0.321694,0.162541,-0.957318,-0.611602,0.688813,0.564288,0.491766,0.223352,0.323049
0.24116375332371692,0.04785191745183692,0.859585,-0.06208510953963285,-0.006162193883008628,0.4996353829985298,0.8639857087295556,-0.277306,0.086667,0.287749,0.483922,0.394353,-0.209128,-0.968836,-0.708544,-0.272475,2.158572,0.082548,0.2618,0.161132,0.201169,0.078643,-1.165223,0.591933,-1.043578,0.693744,0.166122,0.266308,0.078238,-0.906134,-0.602805,0.601724,0.596111,0.559153,0.30429,0.344598
0.2283318200638284,0.06737608649468654,0.859317,-0.08761035821818922,0.0017657219148449615,0.325623573950229,0.9414301759285602,-0.306522,0.146702,0.324801,0.526949,0.28268,-0.147231,-0.92293,-0.698803,-0.443491,2.172871,-0.013171,0.2618,0.211202,0.209254,0.06249,-1.144077,0.631323,-1.079802,0.68738,0.217943,0.221156,-0.02383,-0.817907,-0.597703,0.564133,0.559441,0.462328,0.285207,0.116202
0.22231662550834258,0.0903041617401068,0.856575,-0.09860243343527009,0.014447335866627144,0.14367682828930944,0.9845947027694817,-0.320173,0.182536,0.336954,0.567387,0.16632,-0.10138,-0.870616,-0.68566,-0.57724,2.167355,0.041455,0.2618,0.228005,0.207215,0.066387,-1.107432,0.659185,-1.052598,0.638551,0.267447,0.197406,-0.099928,-0.75563,-0.593795,0.596323,0.481488,0.50257,0.267327,-0.132021
0.22266649288980728,0.11205100054061726,0.852259,-0.09627421321648406,0.030434468461712362,-0.0172593584869426,0.9947393957623369,-0.323837,0.202064,0.356196,0.599247,0.081622,-0.077512,-0.852735,-0.687578,-0.621943,2.159053,0.202638,0.2618,0.200626,0.196285,0.091169,-1.081453,0.669453,-0.98602,0.602756,0.300187,0.155908,-0.126029,-0.753319,-0.594173,0.675754,0.406818,0.634982,0.245728,-0.266173
0.22604687728575426,0.13025089535722645,0.850122,-0.08804154633497266,0.04529113097447294,-0.1448566884324659,0.9844868873486226,-0.329877,0.21342,0.382258,0.618792,0.030747,-0.066712,-0.88672,-0.68715,-0.587473,2.151179,0.369158,0.2618,0.13981,0.175572,0.130164,-1.085581,0.664996,-0.915173,0.620529,0.297731,0.106857,-0.113254,-0.796536,-0.59879,0.750074,0.36099,0.695178,0.245936,-0.251873
0.22957655530576548,0.14491883867164684,0.85033,-0.0804670201187558,0.05699016861010106,-0.2459825697754645,0.9642454738455652,-0.349476,0.221423,0.384633,0.625963,0.024279,-0.061553,-0.951031,-0.656995,-0.5195,2.138563,0.478197,0.2618,0.066095,0.148217,0.171605,-1.113448,0.650038,-0.860808,0.677695,0.270899,0.104646,-0.075657,-0.852449,-0.603736,0.786315,0.350885,0.615729,0.285346,-0.138525
0.23460958222600206,0.15684207397168912,0.851594,-0.07800237026260116,0.06885851243249502,-0.3486025709241288,0.9314773915512323,-0.375942,0.243483,0.359977,0.62916,0.075043,-0.055497,-1.00744,-0.597268,-0.445835,2.089089,0.520847,0.2618,0.008083,0.125943,0.205183,-1.156986,0.626491,-0.846531,0.7433,0.221722,0.174154,-0.006121,-0.898803,-0.600276,0.786546,0.354181,0.45019,0.320007,-0.040751
0.24319490757687945,0.16613387888890416,0.854645,-0.0802217225212841,0.08488377063796176,-0.47348473186440165,0.8730245836127958,-0.393,0.297897,0.331459,0.637101,0.170841,-0.051849,-1.013979,-0.546331,-0.371233,1.953128,0.517757,0.2618,-0.010003,0.116943,0.22166,-1.211126,0.597569,-0.882349,0.811759,0.153179,0.275812,0.071,-0.925285,-0.578112,0.758046,0.346734,0.311627,0.323954,-0.017845
0.250777626060765,0.17180651270346864,0.856821,-0.08214251371466486,0.10251312338250206,-0.5926423722001577,0.7946816194193558,-0.391487,0.36601,0.301099,0.644627,0.263855,-0.07274,-0.910373,-0.555221,-0.302459,1.763049,0.484912,0.2618,-0.005861,0.123238,0.212116,-1.240223,0.565625,-0.924163,0.833064,0.103804,0.318957,0.078333,-0.934151,-0.541366,0.71255,0.367177,0.23785,0.310251,0.002875
0.25736346510639413,0.1713393788200187,0.857239,-0.08370034636986241,0.1143603853201145,-0.6806263131862481,0.7187930111203747,-0.360097,0.384447,0.253257,0.640093,0.297869,-0.115704,-0.693957,-0.556019,-0.153019,1.478506,0.431176,0.2618,-0.020122,0.148278,0.184071,-1.237594,0.537421,-0.984041,0.710399,0.075454,0.253092,0.010232,-0.941685,-0.514336,0.684318,0.461669,0.345723,0.271839,0.012729
0.26559793299979745,0.16688157795944744,0.8565,-0.07468016275656772,0.11294998800642944,-0.7376599957468218,0.6614546530729062,-0.328267,0.336449,0.208815,0.624846,0.308503,-0.104899,-0.507528,-0.439006,0.096493,1.006789,0.398221,0.2618,-0.026677,0.155514,0.162364,-1.244164,0.524626,-1.071323,0.651489,0.066333,0.166785,-0.064583,-0.938466,-0.502138,0.678937,0.518258,0.33311,0.251239,-0.065537
0.2821392139997605,0.16237823576944463,0.849019,-0.08178746283912712,0.12145555033566147,-0.8541359632786145,0.4990103353590115,-0.262291,0.348143,0.245815,0.64515,0.323763,-0.057115,-0.727436,-0.517948,-0.168411,1.386889,0.429048,0.2618,0.071278,0.166887,0.111811,-1.221386,0.538353,-1.142622,0.648814,0.052756,0.086179,-0.106182,-0.924676,-0.49651,0.682856,0.495144,0.459929,0.252391,-0.000975
0.30994708374560553,0.14939617887548062,0.836922,-0.0936148722222481,0.15543023550394613,-0.9453598401007048,0.27087128686106565,-0.271378,0.43476,0.262786,0.788216,0.293609,-0.000973,-0.869981,-0.500776,-0.486439,1.569649,0.237499,0.2618,0.221811,0.207408,0.042623,-1.131528,0.569553,-1.126488,0.616758,0.151904,0.115863,-0.02249,-0.866656,-0.487434,0.642259,0.450911,0.154819,0.23403,0.052787
0.3137751170392208,0.13211238689851643,0.83369,-0.07664176493338212,0.1527356836004481,-0.982598612307523,0.07278041455865819,-0.258838,0.400814,0.286098,0.7794,0.33135,0.003666,-0.762062,-0.511287,-0.632454,1.94618,0.237447,0.2618,0.286769,0.23474,-0.001653,-1.01724,0.609778,-1.013711,0.563855,0.197912,0.057559,-0.028035,-0.851701,-0.500698,0.670313,0.478054,0.073821,-0.158969,0.178931
0.311648338978931,0.11582751170457434,0.834046,-0.05144745365666969,0.13417436898396362,-0.9863012867150477,-0.0809914650950414,-0.242182,0.319121,0.268896,0.729944,0.309969,-0.037099,-0.696875,-0.529072,-0.656263,2.067656,0.29879,0.2618,0.297085,0.244078,-0.019448,-0.930079,0.655952,-0.946115,0.508942,0.163056,0.046407,-0.030969,-0.868804,-0.523665,0.742903,0.493782,-0.034796,-0.001008,0.019762
0.30566782006544,0.10378434341191246,0.834991,-0.03552298590554629,0.10945584704507275,-0.9728642030455459,-0.20073142013285994,-0.227736,0.245006,0.270257,0.699957,0.266279,-0.09132,-0.674638,-0.590494,-0.614829,2.089253,0.42855,0.2618,0.268494,0.239897,-0.01767,-0.853009,0.70611,-0.91452,0.471159,0.140111,0.136399,0.017565,-0.873152,-0.549752,0.826635,0.480346,-0.015498,0.122331,-0.044633
0.2936526861184827,0.09635862370021625,0.837148,-0.03159906939740665,0.08168235638874455,-0.9514701204538902,-0.2950144004848907,-0.194688,0.160825,0.279736,0.656547,0.267622,-0.150409,-0.701587,-0.638614,-0.52083,2.11367,0.5236,0.2618,0.213652,0.22712,-0.008185,-0.788963,0.749559,-0.886327,0.476502,0.146773,0.217506,0.052627,-0.890716,-0.57512,0.859648,0.461477,0.081453,0.107235,0.032364
0.27916697166165544,0.09416890484263098,0.840135,-0.03064628600188392,0.05846766042258518,-0.9225658645552715,-0.3801503910643581,-0.149714,0.073919,0.280004,0.589176,0.328053,-0.199315,-0.745982,-0.660139,-0.394133,2.13456,0.5236,0.2618,0.16115,0.221951,0.007279,-0.709867,0.812737,-0.83747,0.499068,0.137862,0.267176,0.081149,-0.924841,-0.610785,0.88407,0.487706,0.064738,0.103388,0.078197
0.2639874604567751,0.09340560635520004,0.844848,-0.015602575653343243,0.041072926192100075,-0.8776467640875301,-0.477289426025433,-0.132917,0.015968,0.282975,0.509278,0.423162,-0.22325,-0.815777,-0.691043,-0.248144,2.11995,0.5236,0.2618,0.163692,0.227456,0.004619,-0.637377,0.880645,-0.758489,0.550852,0.100979,0.30936,0.110454,-0.973762,-0.643974,0.906102,0.550695,-0.020135,0.122173,0.058576
0.2487554493550624,0.09385525376962646,0.84982,0.01120501980554386,0.029663988743211352,-0.8072413133130703,-0.5893691845648104,-0.160253,0.009889,0.283203,0.461147,0.498476,-0.220766,-0.876963,-0.752022,-0.134344,2.082215,0.478896,0.2618,0.220778,0.245428,-0.011342,-0.563245,0.951543,-0.638569,0.63181,0.049295,0.357487,0.133668,-1.020841,-0.668301,0.904486,0.605457,-0.048215,0.142359,0.044236
0.2336574272554126,0.09933050323229806,0.85262,0.04281492605936524,0.022808667552732823,-0.7012870846928703,-0.7112261436582424,-0.221057,0.054045,0.278202,0.470493,0.512612,-0.195322,-0.890015,-0.820093,-0.121299,2.033604,0.371933,0.2618,0.305705,0.272043,-0.029708,-0.461276,1.024364,-0.473819,0.741616,-0.01361,0.420139,0.16412,-1.047442,-0.681411,0.878038,0.63624,-0.033181,0.157988,0.042868
0.2158891191954496,0.11231028958209027,0.853377,0.07585622018605329,0.011286748162557838,-0.5604268171601732,-0.824646093065818,-0.293012,0.122106,0.303956,0.502134,0.469624,-0.149685,-0.855803,-0.839948,-0.215605,1.966283,0.309047,0.2618,0.395231,0.289804,-0.052214,-0.302441,1.093323,-0.247838,0.875394,-0.069671,0.503795,0.196183,-1.05618,-0.686449,0.837209,0.661744,-0.053397,0.195861,0.041801
0.19779061347484178,0.13105795201454107,0.853464,0.10318573129294221,-0.0031877864641040587,-0.4153862604506213,-0.9037686770439926,-0.346648,0.192548,0.363182,0.535693,0.386269,-0.107447,-0.751863,-0.80533,-0.366408,1.887175,0.297254,0.2618,0.448681,0.292117,-0.067824,-0.064,1.141177,0.024,0.96924,-0.036396,0.572869,0.128565,-1.062631,-0.691221,0.790189,0.708122,-0.114651,0.268054,0.07136
0.18677103090732333,0.15078937203535164,0.851987,0.12299317499536305,-0.01738598983549683,-0.28740066489686283,-0.9497221669740268,-0.371161,0.242989,0.408007,0.560226,0.299537,-0.096353,-0.614538,-0.754744,-0.476139,1.80315,0.312555,0.2618,0.458232,0.284059,-0.072939,0.200054,1.148031,0.240451,0.919654,0.152352,0.528856,-0.122735,-1.082003,-0.702052,0.76434,0.761044,-0.153995,0.294091,0.109788
0.18036774848330378,0.16994209871324903,0.848245,0.13389786147323066,-0.03138083195034084,-0.185018532899538,-0.973064603900842,-0.385559,0.261882,0.432112,0.571588,0.24074,-0.105039,-0.496482,-0.712246,-0.522736,1.716669,0.358175,0.2618,0.447372,0.271228,-0.066135,0.372925,1.119878,0.325993,0.836474,0.326104,0.412185,-0.36751,-1.104876,-0.716404,0.743527,0.784461,-0.181143,0.300292,0.137608
0.17642399254912175,0.18758942097844278,0.844103,0.13859777111082427,-0.04636646181359499,-0.10429188335616368,-0.983749512487312,-0.417105,0.26436,0.453288,0.574676,0.198876,-0.1137,-0.406803,-0.688526,-0.55759,1.627651,0.426995,0.2618,0.416612,0.252951,-0.042137,0.527561,1.065886,0.250619,0.738907,0.250054,0.446342,-0.453475,-1.156188,-0.736946,0.740079,0.787431,-0.180765,0.29592,0.167982
0.16958517694930436,0.2008853205415297,0.841529,0.1378486298737306,-0.05806235512735626,-0.043644965418521864,-0.9877864014707917,-0.442626,0.27671,0.487386,0.58774,0.169453,-0.098521,-0.348345,-0.62661,-0.553878,1.530496,0.453279,0.2618,0.3905,0.274816,-0.032777,0.505679,1.071984,0.404256,0.9035,0.361675,0.548068,-0.415023,-1.259075,-0.760177,0.817032,0.822259,-0.149288,0.297292,0.200618
0.15691147943346317,0.21433407960238585,0.839792,0.13452938497458314,-0.06739337293354888,0.002456988740928756,-0.9886118805316508,-0.466389,0.28677,0.523457,0.598724,0.174491,-0.084335,-0.281811,-0.563921,-0.563038,1.432417,0.46295,0.2618,0.355849,0.261228,-0.010876,0.520435,1.080408,0.505565,1.01754,0.370719,0.668767,-0.416227,-1.335932,-0.783224,0.849191,0.83312,-0.117853,0.301033,0.227985
0.15276863860336815,0.22413786661845764,0.837598,0.13055433595797566,-0.07400088693773896,0.03891543304605777,-0.9879093053756696,-0.482461,0.295417,0.554314,0.60489,0.166852,-0.073803,-0.23155,-0.488786,-0.55423,1.318002,0.438489,0.2618,0.324607,0.242574,0.011682,0.500745,1.085571,0.543231,1.061206,0.381614,0.723154,-0.408459,-1.401253,-0.806358,0.862853,0.854342,-0.079272,0.306422,0.236974
0.14811805265703032,0.23084089245428155,0.8290140000000001,0.12496070726907411,-0.07831952901413959,0.0708154348780663,-0.9865272663220448,-0.4907519999999999,0.29759899999999995,0.5758039999999996,0.604171,0.14829200000000026,-0.0664570000000001,-0.18781900000000062,-0.4234380000000009,-0.5301350000000004,1.172645000000002,0.41750000000000026,0.2618,0.2984560000000004,0.22468100000000024,0.03247899999999971,0.46251600000000054,1.0972999999999997,0.5743829999999995,1.067827,0.40595999999999965,0.7842459999999991,-0.4011260000000001,-1.467981999999999,-0.8282419999999997,0.8744829999999999,0.9061619999999992,-0.00571600000000104,0.31933599999999984,0.21221600000000035
0.14437707571144337,0.23784678536615164,0.8174479999999997,0.11380237313834143,-0.07759163934141088,0.10093631883048954,-0.9853123448497658,-0.4898539999999999,0.2789579999999994,0.5818720000000001,0.5977929999999998,0.10860799999999916,-0.05846999999999979,-0.058433999999998,-0.28462299999999807,-0.47223299999999874,0.9759269999999971,0.34329499999999813,0.2618,0.26127799999999957,0.19470799999999924,0.06334300000000039,0.41952899999999893,1.1161480000000004,0.5927340000000003,1.0590780000000002,0.4550060000000012,0.8444560000000008,-0.4045300000000004,-1.5396430000000012,-0.8474580000000003,0.8814140000000001,0.9828570000000012,0.11890400000000194,0.3463620000000006,0.1607309999999995
0.13828764221802842,0.24597911373687525,0.8031389999999998,0.0929174939206175,-0.07319390568133056,0.1386182314800376,-0.9832568216879918,-0.4838370000000002,0.23723799999999973,0.5885090000000001,0.5846470000000001,0.05010999999999894,-0.04385199999999974,0.08224300000000165,-0.14703999999999906,-0.3837949999999996,0.7705509999999978,0.2112359999999987,0.2618,0.23045599999999988,0.1429409999999993,0.09082100000000014,0.3459839999999991,1.1407790000000004,0.6153260000000004,1.0804890000000007,0.5351980000000014,0.8987620000000005,-0.4307180000000007,-1.6139440000000012,-0.8645240000000002,0.8907520000000001,1.066443000000001,0.2552690000000009,0.39054400000000083,0.12585200000000046
0.13257543558255813,0.25414064651899937,0.788359,0.07355921614755676,-0.0696601616762194,0.19033179075803414,-0.9764786941392218,-0.495153,0.216782,0.596409,0.594825,-0.024668,-0.025401,0.198813,-0.081119,-0.354755,0.611571,0.118859,0.2618,0.222421,0.091309,0.100309,0.282693,1.168449,0.641988,1.124759,0.636651,0.935418,-0.480207,-1.686999,-0.879751,0.900209,1.127174,0.316107,0.447414,0.159003
0.126930634564319,0.26250779175883393,0.774326,0.06327760561434555,-0.0694575441958276,0.2520892133514712,-0.9631312951186024,-0.529514,0.247693,0.610977,0.648222,-0.121016,-0.002792,0.292331,-0.012887,-0.348473,0.483788,0.106461,0.207811,0.235501,0.059594,0.09054,0.241878,1.196255,0.677422,1.18221,0.733815,0.939856,-0.534982,-1.755145,-0.894109,0.910831,1.155091,0.251604,0.488849,0.277233
0.12065300400458445,0.27449820124122803,0.761032,0.052396492052881105,-0.06824422739362183,0.31491968045240193,-0.9452099803264653,-0.563676,0.28426,0.63008,0.70092,-0.190128,0.010983,0.349953,0.014432,-0.383597,0.405849,0.084247,0.193031,0.255461,0.032676,0.074177,0.232874,1.21842,0.720394,1.251402,0.801953,0.904801,-0.568624,-1.811951,-0.910159,0.928682,1.158568,0.109846,0.476681,0.43461
0.11385452169128298,0.2897084075263422,0.750533,0.04199167800001974,-0.0665161768951182,0.3734420902852968,-0.9243119875914995,-0.598582,0.324249,0.647106,0.74598,-0.233219,0.013992,0.370425,-0.022426,-0.502194,0.384789,-0.008986,0.177931,0.275335,0.014197,0.055818,0.247915,1.231766,0.77045,1.320682,0.838997,0.839152,-0.571526,-1.861486,-0.930058,0.963996,1.152538,-0.014595,0.416223,0.558663
0.10539354668221232,0.30561097140440546,0.741304,0.032411597820275334,-0.06463489442040361,0.42315235619416186,-0.90316903677403,-0.627775,0.37044,0.673539,0.785478,-0.272388,0.018439,0.375797,-0.079205,-0.613332,0.398008,-0.13827,0.157438,0.291849,0.005018,0.040459,0.2676,1.239394,0.836549,1.374795,0.858859,0.764643,-0.555686,-1.914716,-0.953484,1.0199,1.150892,-0.081593,0.345843,0.623572
0.09518541112229881,0.32087222411807315,0.729002,0.023788562682849974,-0.06264702495317809,0.4641517940772937,-0.8832173643061086,-0.647076,0.41204,0.704063,0.818852,-0.289495,0.021784,0.371145,-0.128069,-0.680167,0.417925,-0.259127,0.139669,0.302193,0.001678,0.031511,0.290353,1.242043,0.905448,1.409006,0.873575,0.699138,-0.539785,-1.971285,-0.978379,1.08005,1.159141,-0.109508,0.28727,0.644377
0.08816935226683464,0.3346232575387534,0.717217,0.016603600488903383,-0.06068824516168586,0.49631466580894057,-0.8658598529069006,-0.663219,0.444911,0.732216,0.848842,-0.313366,0.029742,0.366839,-0.155309,-0.707401,0.434198,-0.361751,0.123007,0.301422,0.000026,0.030613,0.300268,1.238794,0.94462,1.420042,0.88779,0.649528,-0.534275,-2.027397,-1.002555,1.123239,1.177009,-0.126702,0.241494,0.639621
0.08085147185668846,0.34617476697703886,0.707779,0.014284187936437272,-0.059506878829228976,0.5090913349844489,-0.858534307140228,-0.680776,0.473731,0.749763,0.874955,-0.333357,0.033699,0.360559,-0.17232,-0.705303,0.45611,-0.442767,0.111086,0.30094,0.002702,0.031143,0.311353,1.23652,0.985722,1.422023,0.893165,0.616561,-0.530551,-2.085493,-1.025307,1.158237,1.207577,-0.14713,0.206327,0.619378
0.07244984030107401,0.34843754407691047,0.7016,0.011852093281645739,-0.058660170148433485,0.5221899474153504,-0.8507267307310578,-0.693747,0.495683,0.760757,0.895398,-0.338293,0.032038,0.349236,-0.195644,-0.703279,0.498901,-0.495946,0.109065,0.298567,0.004879,0.032624,0.324781,1.23659,1.023211,1.418327,0.882465,0.58577,-0.5203,-2.142834,-1.045803,1.177767,1.24194,-0.173812,0.183437,0.586873
0.072750604805048,0.3537938770308211,0.700227,0.010360084006759827,-0.05809289567901465,0.5307676570271934,-0.8454599862133414,-0.704679,0.506454,0.761702,0.90813,-0.342646,0.02741,0.350659,-0.207382,-0.70275,0.51166,-0.493238,0.114821,0.293536,0.004525,0.03234,0.345191,1.240143,1.05933,1.4107,0.851034,0.550141,-0.503387,-2.182636,-1.064139,1.207013,1.268339,-0.202006,0.17617,0.545023
0.07102245214269123,0.35426105298866695,0.700298,0.009533827531388313,-0.05767546516155497,0.53595890911711,-0.8422182578565947,-0.706771,0.51585,0.761422,0.91757,-0.333669,0.022606,0.363517,-0.208146,-0.706541,0.490583,-0.482709,0.114919,0.287454,0.003631,0.032503,0.370292,1.245839,1.085059,1.401189,0.807403,0.517303,-0.493723,-2.228533,-1.080309,1.234915,1.286196,-0.223328,0.185029,0.49858
0.07089776778670955,0.35411793172863404,0.70034359,0.009138962494438949,-0.05730555249023683,0.5388683027928509,-0.8403889012019768,-0.7148947499999997,0.5222762499999998,0.7624405,0.9222647999999998,-0.33316654,0.02122375000000004,0.37319371999999973,-0.20899474999999998,-0.70903778,0.4758710100000004,-0.47315256000000033,0.11503443,0.2844770700000001,-0.0001956499999998828,0.030638660000000057,0.3907318399999994,1.2523845599999996,1.0975128299999997,1.3908158200000003,0.7691947000000011,0.4980155200000006,-0.4968628899999999,-2.2389517699999995,-1.0931925399999995,1.2574762299999993,1.2859544699999998,-0.23549470999999964,0.1984382799999996,0.46264247000000114