body_0_angvel_x,body_0_angvel_y,body_0_angvel_z
0.000392,0.000014,0.000150
-0.002089,0.001437,-0.007661
-0.007050,0.004281,-0.023283
-0.005755,-0.000849,-0.013484
-0.005108,-0.003413,-0.008585
-0.018525,-0.013326,-0.087857
-0.015110,-0.010196,-0.086701
-0.008275,-0.003942,-0.084389
-0.006513,-0.002251,-0.087545
-0.005631,-0.001406,-0.089123
-0.001755,0.001754,-0.076465
-0.001540,0.001846,-0.063972
-0.001109,0.002029,-0.038988
0.003870,0.003281,-0.036394
0.006360,0.003906,-0.035097
0.023335,-0.014610,0.042425
0.018700,-0.016856,0.044113
0.009431,-0.021352,0.047486
0.009099,-0.034168,0.070712
0.008933,-0.040576,0.082325
0.005935,-0.048330,0.112242
0.005424,-0.046752,0.117354
0.004393,-0.043598,0.127580
0.004050,-0.031827,0.106288
0.003875,-0.025941,0.095642
-0.002713,-0.000157,-0.001362
-0.000555,-0.000207,0.009242
0.003762,-0.000307,0.030451
0.004651,0.010101,-0.000607
0.005093,0.015306,-0.016136
-0.007309,0.015683,-0.118069
-0.013353,0.008344,-0.124881
-0.025461,-0.006319,-0.138503
-0.028047,-0.009492,-0.145964
-0.029341,-0.011077,-0.149694
-0.017969,-0.011384,-0.102673
-0.013859,-0.009450,-0.080094
-0.005642,-0.005581,-0.034936
0.017120,-0.011900,0.019038
0.028498,-0.015062,0.046025
0.037427,-0.006282,0.089782
0.040639,-0.003887,0.100058
0.047059,0.000900,0.120612
0.047388,0.005788,0.125252
0.047550,0.008231,0.127573
0.040659,0.013191,0.109905
0.036827,0.012795,0.097247
0.029158,0.012004,0.071931
0.020211,0.006635,0.048032
0.015738,0.003951,0.036082
0.000704,0.000659,0.001277
-0.000132,-0.000934,-0.001326
-0.001802,-0.004120,-0.006532
-0.008777,-0.005714,-0.019285
-0.012264,-0.006511,-0.025661
-0.010853,-0.007621,-0.007198
-0.008907,-0.008971,0.002873
-0.005015,-0.011670,0.023017
-0.001230,-0.014369,0.029094
0.000662,-0.015718,0.032134
-0.000327,-0.017628,0.005824
-0.001356,-0.016893,-0.006781
-0.003410,-0.015422,-0.031992
0.000680,-0.012617,-0.036864
0.002725,-0.011216,-0.039299
0.033076,-0.008840,0.022021
0.029701,-0.006695,0.028711
0.022949,-0.002413,0.042092
0.028811,0.000068,0.072402
0.031741,0.001306,0.087558
0.009633,0.002070,0.033871
0.006073,0.004903,0.035466
-0.001049,0.010567,0.038657
-0.009431,0.012192,0.013217
-0.013623,0.013003,0.000498
0.005109,-0.001929,-0.001598
0.000153,0.000337,-0.005216
-0.009759,0.004869,-0.012452
0.005807,-0.022124,-0.008803
0.013589,-0.035622,-0.006978
0.026690,-0.052681,-0.020848
0.033807,-0.064651,-0.035293
0.048051,-0.088586,-0.064183
0.049164,-0.092617,-0.092422
0.049732,-0.094627,-0.106542
0.072580,-0.098132,-0.167628
0.085256,-0.089058,-0.184708
0.110672,-0.070929,-0.218831
0.144545,-0.037199,-0.243214
0.161527,-0.020358,-0.255375
0.225616,0.028410,-0.317833
0.249073,0.037566,-0.368675
0.296021,0.055961,-0.470337
0.333236,0.065536,-0.652120
0.351819,0.070506,-0.743013
0.364554,0.097479,-1.094381
0.347063,0.115134,-1.212316
0.312280,0.151701,-1.448166
0.235958,0.189241,-1.656081
0.197937,0.208899,-1.760028
0.078324,0.260144,-2.148940
0.037365,0.267740,-2.335227
-0.045170,0.285090,-2.708473
0.034799,0.252747,-2.612644
0.074469,0.235572,-2.565366
-0.464181,0.449879,-4.865113
-0.496576,0.444988,-4.819391
-0.562018,0.439356,-4.733803
-0.437797,0.436130,-4.674509
-0.376004,0.432018,-4.648067
-0.352793,0.640163,-6.947820
-0.429395,0.737326,-7.860023
-0.582828,0.939465,-9.722709
-0.794008,1.119375,-10.969385
-0.898486,1.218932,-11.623613
-1.280038,1.437926,-12.822615
-1.157151,1.558647,-13.023703
-0.899249,1.778382,-13.566153
-1.098701,1.727139,-12.770708
-1.198773,1.727012,-12.436165
-1.584254,1.054442,-10.746034
-1.511594,1.048465,-10.407023
-1.369136,1.037385,-9.789429
-1.258699,0.563020,-9.989794
-1.231636,0.322390,-10.114751
-1.626908,-0.696307,-12.643855
-1.576894,-0.679979,-12.861863
-1.486073,-0.674172,-13.425980
-1.146505,-0.614552,-13.466963
-0.980684,-0.611273,-13.555111
-0.233433,0.149490,-12.778255
-0.029134,0.398337,-12.142726
0.443011,0.846930,-10.959722
0.462769,0.865927,-9.286050
0.481851,0.872763,-8.478545
0.214506,0.624682,-7.198936
0.061728,0.630171,-7.498273
-0.246137,0.666759,-8.121687
-0.613966,0.999957,-9.167927
-0.788222,1.181551,-9.708522
-1.006094,1.730582,-10.142635
-1.011162,1.828372,-10.295847
-1.013364,2.033380,-10.671071
-1.091119,2.173357,-12.456631
-1.145001,2.247202,-13.394168
-1.390948,1.552928,-15.255411
-1.667104,1.146825,-14.809676
-2.344906,0.450026,-14.069980
-2.988271,0.897157,-14.077157
-3.291121,1.167543,-14.165806
-1.606887,1.141101,-8.998386
-1.574470,0.411280,-9.653193
-1.667069,-1.069575,-11.002383
-1.481397,-1.264269,-11.270023
-1.404046,-1.377700,-11.440819
-1.395811,-1.225831,-10.869570
-1.340144,-1.135163,-11.035497
-1.215237,-0.979600,-11.448999
-0.857659,-0.618598,-11.277788
-0.663852,-0.461379,-11.233842
-0.080019,0.003617,-9.722155
0.014728,0.061669,-9.052952
0.215096,0.160274,-7.747706
0.182935,0.150657,-6.735409
0.167589,0.146219,-6.239852
-0.191619,0.267237,-6.495572
-0.324347,0.373069,-7.086445
-0.580158,0.600936,-8.293509
-0.586151,0.736706,-8.462300
-0.585193,0.805479,-8.563623
-0.569131,0.654496,-6.953843
-0.483217,0.329707,-6.253986
-0.348246,-0.322522,-4.861249
-1.090540,0.711236,-9.517637
-1.429749,1.237071,-11.859455
-0.400266,2.859462,-14.612067
-0.655700,2.082096,-13.729537
-1.345737,0.635822,-12.063395
-1.581220,0.075763,-10.167879
-1.730458,-0.174765,-9.254871
-1.804959,0.183519,-7.216510
-1.789144,0.374205,-6.716079
-1.731708,0.771494,-5.737017
-1.486486,0.812782,-5.466613
-1.363317,0.829434,-5.338076
-1.328951,-0.012624,-6.431636
-1.308755,-0.251169,-6.947574
-1.303730,-0.745007,-7.997100
-1.217248,-1.004416,-9.149294
-1.183180,-1.146676,-9.741476
-1.416445,-1.109770,-10.902706
-1.408626,-1.011312,-10.569119
-1.386875,-0.813015,-9.966403
-1.243637,-0.621218,-8.764884
-1.170603,-0.526123,-8.188351
-0.798343,-0.170689,-6.337120
-0.705113,-0.060803,-5.870877
-0.507470,0.154249,-4.948740
-0.279163,0.173434,-4.118346
-0.164193,0.179558,-3.705994
0.018512,0.177581,-2.823988
0.040482,0.152118,-2.626564
0.083685,0.099929,-2.232603
0.154460,0.033332,-2.045977
0.189204,-0.000820,-1.953001
0.506798,-0.310661,-1.835272
0.678400,-0.416958,-1.992628
1.018897,-0.634390,-2.308051
0.903611,-0.633034,-2.884560
0.848080,-0.628252,-3.173734
0.283180,-0.346239,-3.814670
0.282638,-0.363764,-3.857103
0.280758,-0.398836,-3.945419
0.261780,-0.395099,-3.815882
0.252225,-0.393203,-3.752793
0.237570,-0.359984,-3.265284
0.231554,-0.349509,-3.095998
0.219089,-0.329125,-2.758848
0.193506,-0.299377,-2.394204
0.180564,-0.284607,-2.212380
0.031497,-0.116500,-0.889207
0.036279,-0.111392,-0.899867
0.045962,-0.101259,-0.921216
0.031612,-0.075941,-0.712199
0.024449,-0.063266,-0.607708
0.008511,-0.039416,-0.369198
0.004689,-0.034924,-0.313062
0.000000,0.000000,0.000000
0.002965,0.025923,0.200793
