body_0_x,body_0_y,body_0_z
0.000000,0.000000,0.730703
0.000004,0.000015,0.730701
0.000015,-0.000139,0.730678
0.000043,-0.000630,0.730615
0.000135,-0.000891,0.730586
0.000259,-0.001036,0.730574
0.000267,-0.001117,0.730574
0.000265,-0.001199,0.730574
0.000242,-0.001286,0.730574
0.000118,-0.001377,0.730571
-0.000055,-0.001471,0.730567
-0.000405,-0.001609,0.730566
-0.000784,-0.001768,0.730548
-0.001220,-0.001967,0.730495
-0.001553,-0.002208,0.730416
-0.001834,-0.002471,0.730324
-0.001897,-0.002762,0.730245
-0.001966,-0.003037,0.730153
-0.002047,-0.003279,0.730035
-0.002127,-0.003476,0.729904
-0.002207,-0.003651,0.729767
-0.002356,-0.003730,0.729657
-0.002657,-0.003828,0.729538
-0.003265,-0.003963,0.729398
-0.003559,-0.004286,0.729310
-0.003696,-0.004704,0.729248
-0.003810,-0.005371,0.728848
-0.003887,-0.005853,0.728526
-0.003893,-0.005962,0.728360
-0.003900,-0.006094,0.728268
-0.003908,-0.006237,0.728213
-0.003942,-0.006466,0.728203
-0.004120,-0.006712,0.728196
-0.004590,-0.006992,0.728193
-0.005065,-0.007234,0.728188
-0.005542,-0.007458,0.728182
-0.005740,-0.007686,0.728165
-0.005891,-0.007929,0.728135
-0.005948,-0.008203,0.728078
-0.005914,-0.008447,0.727965
-0.005835,-0.008676,0.727824
-0.005472,-0.008843,0.727652
-0.005040,-0.009036,0.727507
-0.004474,-0.009282,0.727415
-0.003959,-0.009605,0.727345
-0.003470,-0.009966,0.727286
-0.003402,-0.010465,0.727237
-0.003116,-0.010968,0.727207
-0.002394,-0.011479,0.727214
-0.002132,-0.011965,0.727210
-0.002099,-0.012439,0.727202
-0.002195,-0.012974,0.727193
-0.002311,-0.013418,0.727185
-0.002465,-0.013678,0.727180
-0.002583,-0.014055,0.727164
-0.002683,-0.014490,0.727142
-0.002496,-0.014796,0.727110
-0.002430,-0.015037,0.727060
-0.002603,-0.015145,0.726971
-0.002766,-0.015281,0.726892
-0.002925,-0.015431,0.726816
-0.002992,-0.015718,0.726771
-0.003163,-0.016028,0.726735
-0.003543,-0.016385,0.726715
-0.003952,-0.016771,0.726697
-0.004376,-0.017171,0.726678
-0.004449,-0.017595,0.726631
-0.004517,-0.018009,0.726585
-0.004573,-0.018401,0.726544
-0.004624,-0.018828,0.726529
-0.004674,-0.019272,0.726528
-0.004757,-0.019802,0.726528
-0.004837,-0.020280,0.726537
-0.004911,-0.020658,0.726566
-0.005166,-0.021027,0.726711
-0.005509,-0.021392,0.726915
-0.006030,-0.021879,0.727446
-0.006402,-0.022269,0.728044
-0.006474,-0.022464,0.728776
-0.006571,-0.022824,0.729405
-0.006680,-0.023266,0.729983
-0.006879,-0.023754,0.730465
-0.007248,-0.024101,0.730977
-0.007958,-0.024165,0.731549
-0.008613,-0.024146,0.731872
-0.009239,-0.024085,0.732070
-0.009587,-0.023622,0.732037
-0.009839,-0.023039,0.731952
-0.009900,-0.022216,0.731765
-0.009810,-0.021368,0.731140
-0.009645,-0.020508,0.730296
-0.008751,-0.019749,0.728498
-0.007455,-0.018997,0.726490
-0.005354,-0.018258,0.724059
-0.003514,-0.017094,0.721456
-0.001804,-0.015717,0.718766
-0.001261,-0.013257,0.716232
-0.000664,-0.010250,0.713797
0.000042,-0.006147,0.711564
-0.000316,-0.001410,0.709625
-0.001206,0.003645,0.707833
-0.000675,0.009491,0.706673
-0.000658,0.015594,0.705880
-0.001673,0.022208,0.705821
-0.001946,0.029770,0.705825
-0.001848,0.037805,0.705860
0.000657,0.049637,0.706041
0.003304,0.061290,0.706524
0.006234,0.072587,0.707612
0.014350,0.082432,0.710581
0.025059,0.091549,0.714489
0.049415,0.100496,0.722315
0.075687,0.107944,0.730997
0.105788,0.112396,0.741390
0.132581,0.112342,0.751495
0.157719,0.110035,0.761456
0.175807,0.104976,0.768356
0.192261,0.099074,0.774403
0.205450,0.091486,0.778745
0.215498,0.080866,0.781888
0.223975,0.068731,0.784433
0.231597,0.058283,0.785684
0.236946,0.049007,0.787329
0.237750,0.042076,0.789760
0.235231,0.037655,0.792921
0.231051,0.034490,0.796447
0.223399,0.033928,0.801992
0.216883,0.036596,0.807388
0.212638,0.045726,0.812483
0.205379,0.058451,0.816602
0.196613,0.072975,0.820233
0.194886,0.087960,0.822270
0.193995,0.101680,0.824025
0.194778,0.112870,0.825218
0.196337,0.120643,0.826565
0.198285,0.126706,0.827989
0.203932,0.131276,0.831650
0.210265,0.135494,0.835743
0.217973,0.139009,0.840703
0.226321,0.140896,0.844794
0.234988,0.141968,0.848452
0.245764,0.140515,0.849734
0.256904,0.137775,0.850428
0.268775,0.132462,0.849947
0.281221,0.123838,0.848476
0.293954,0.113559,0.846510
0.304191,0.096787,0.840769
0.310948,0.080963,0.836845
0.310747,0.067033,0.836554
0.306915,0.052710,0.836916
0.301268,0.038191,0.837604
0.296012,0.035115,0.838501
0.289428,0.032878,0.841050
0.280190,0.032319,0.846903
0.269287,0.033627,0.852357
0.257551,0.035868,0.857611
0.247719,0.043058,0.858795
0.238597,0.051757,0.859531
0.230898,0.063471,0.859371
0.225926,0.076547,0.858220
0.222317,0.090304,0.856575
0.222527,0.103352,0.853985
0.223343,0.115691,0.851832
0.225371,0.126611,0.850549
0.227459,0.136118,0.850205
0.229577,0.144919,0.850330
0.232596,0.152073,0.851088
0.236327,0.158700,0.852204
0.241478,0.164276,0.854035
0.246228,0.168403,0.855515
0.250778,0.171807,0.856821
0.254729,0.171526,0.857072
0.259010,0.170448,0.857091
0.263951,0.167773,0.856648
0.272214,0.165080,0.853508
0.282139,0.162378,0.849019
0.298824,0.154589,0.841761
0.310713,0.145939,0.836276
0.313010,0.135569,0.834336
0.312924,0.125598,0.833832
0.311648,0.115828,0.834046
0.308060,0.108602,0.834613
0.303265,0.102299,0.835422
0.296056,0.097844,0.836717
0.287858,0.095483,0.838343
0.279167,0.094169,0.840135
0.270059,0.093711,0.842963
0.260941,0.093496,0.845842
0.251802,0.093765,0.848826
0.242716,0.096045,0.850940
0.233657,0.099331,0.852620
0.222996,0.107118,0.853074
0.212269,0.116060,0.853394
0.201410,0.127308,0.853447
0.193383,0.138951,0.852873
0.186771,0.150789,0.851987
0.182929,0.162281,0.849742
0.179579,0.173472,0.847417
0.177213,0.184060,0.844931
0.173688,0.192908,0.843073
0.169585,0.200885,0.841529
0.161981,0.208955,0.840487
0.156083,0.216295,0.839353
0.153597,0.222177,0.838037
0.150908,0.226819,0.834164
0.148118,0.230841,0.829014
0.145873,0.235044,0.822074
0.143159,0.239473,0.814586
0.139506,0.244353,0.806001
0.136003,0.249244,0.797227
0.132575,0.254141,0.788359
0.129189,0.259161,0.779939
0.125675,0.264906,0.771667
0.121909,0.272100,0.763691
0.117934,0.280582,0.756832
0.113855,0.289708,0.750533
0.108778,0.299250,0.744996
0.103352,0.308663,0.738844
0.097227,0.317820,0.731462
0.092379,0.326373,0.724288
0.088169,0.334623,0.717217
0.083779,0.341554,0.711554
0.079171,0.346627,0.706543
0.074130,0.347985,0.702836
0.072570,0.350580,0.701051
0.072751,0.353794,0.700227
0.071714,0.354074,0.700270
0.070998,0.354233,0.700307
0.070926,0.354150,0.700333
