body_0_vel_x,body_0_vel_y,body_0_vel_z
0.000190,0.000759,-0.000120
0.000580,-0.007686,-0.001130
0.001361,-0.024576,-0.003150
0.004601,-0.013035,-0.001450
0.006221,-0.007265,-0.000600
0.000411,-0.004026,0.000000
-0.000114,-0.004129,0.000000
-0.001163,-0.004336,0.000000
-0.006171,-0.004560,-0.000140
-0.008676,-0.004672,-0.000210
-0.017491,-0.006947,-0.000030
-0.018938,-0.007939,-0.000910
-0.021831,-0.009922,-0.002670
-0.016636,-0.012063,-0.003950
-0.014039,-0.013133,-0.004590
-0.003149,-0.014589,-0.003960
-0.003452,-0.013746,-0.004600
-0.004058,-0.012061,-0.005880
-0.004008,-0.009858,-0.006540
-0.003984,-0.008756,-0.006870
-0.007430,-0.003971,-0.005490
-0.015083,-0.004892,-0.005980
-0.030388,-0.006733,-0.006960
-0.014708,-0.016174,-0.004400
-0.006868,-0.020895,-0.003120
-0.005670,-0.033362,-0.020010
-0.003876,-0.024061,-0.016100
-0.000289,-0.005459,-0.008280
-0.000361,-0.006603,-0.004600
-0.000398,-0.007175,-0.002760
-0.001669,-0.011432,-0.000480
-0.008935,-0.012287,-0.000370
-0.023467,-0.013996,-0.000150
-0.023737,-0.012124,-0.000250
-0.023872,-0.011188,-0.000300
-0.009910,-0.011401,-0.000840
-0.007555,-0.012166,-0.001510
-0.002845,-0.013697,-0.002850
0.001690,-0.012196,-0.005650
0.003958,-0.011445,-0.007050
0.018177,-0.008354,-0.008610
0.021565,-0.009670,-0.007260
0.028339,-0.012302,-0.004560
0.025739,-0.016141,-0.003500
0.024439,-0.018060,-0.002970
0.003402,-0.024922,-0.002430
0.014301,-0.025132,-0.001510
0.036099,-0.025550,0.000330
0.013120,-0.024322,-0.000170
0.001630,-0.023708,-0.000420
-0.004820,-0.026750,-0.000450
-0.005777,-0.022175,-0.000390
-0.007691,-0.013025,-0.000270
-0.005902,-0.018848,-0.000810
-0.005007,-0.021759,-0.001080
0.009327,-0.015309,-0.001590
0.003335,-0.012009,-0.002530
-0.008648,-0.005407,-0.004410
-0.008176,-0.006806,-0.003990
-0.007940,-0.007506,-0.003780
-0.003350,-0.014341,-0.002250
-0.008561,-0.015515,-0.001820
-0.018981,-0.017862,-0.000960
-0.020459,-0.019274,-0.000940
-0.021198,-0.019981,-0.000930
-0.003668,-0.021225,-0.002370
-0.003374,-0.020687,-0.002270
-0.002785,-0.019611,-0.002070
-0.002594,-0.021347,-0.000730
-0.002498,-0.022216,-0.000060
-0.004134,-0.026472,0.000000
-0.003998,-0.023939,0.000470
-0.003725,-0.018873,0.001410
-0.012703,-0.018462,0.007270
-0.017192,-0.018257,0.010200
-0.026050,-0.024359,0.026550
-0.018567,-0.019484,0.029900
-0.003602,-0.009734,0.036600
-0.004842,-0.017983,0.031460
-0.005462,-0.022107,0.028890
-0.009932,-0.024421,0.024090
-0.018459,-0.017352,0.025600
-0.035511,-0.003215,0.028620
-0.032732,0.000958,0.016140
-0.031343,0.003045,0.009900
-0.017395,0.023162,-0.001650
-0.012603,0.029154,-0.004230
-0.003020,0.041138,-0.009390
0.004497,0.042396,-0.031250
0.008256,0.043025,-0.042180
0.044697,0.037927,-0.089880
0.064807,0.037603,-0.100430
0.105027,0.036954,-0.121530
0.092006,0.058217,-0.130170
0.085495,0.068848,-0.134490
0.027141,0.122981,-0.126720
0.029859,0.150373,-0.121710
0.035295,0.205156,-0.111690
-0.017905,0.236859,-0.096950
-0.044505,0.252710,-0.089580
0.026589,0.292328,-0.058020
0.000809,0.305128,-0.039650
-0.050750,0.330730,-0.002910
-0.013651,0.378083,0.000190
0.004898,0.401759,0.001740
0.125256,0.591576,0.009030
0.132344,0.582672,0.024160
0.146521,0.564865,0.054420
0.405813,0.492211,0.148420
0.535459,0.455883,0.195420
1.217802,0.447328,0.391290
1.313563,0.372413,0.434090
1.505086,0.222583,0.519690
1.339638,-0.002699,0.505250
1.256914,-0.115340,0.498030
0.904363,-0.252942,0.345000
0.822725,-0.295099,0.302360
0.659449,-0.379412,0.217080
0.502392,-0.530978,0.157180
0.423863,-0.606761,0.127230
0.381082,-0.522410,0.062550
0.267458,-0.463793,0.082230
0.040209,-0.346557,0.121590
-0.125949,-0.221041,0.158050
-0.209027,-0.158283,0.176280
-0.382596,-0.028089,0.277260
-0.325809,0.133429,0.269770
-0.212235,0.456466,0.254790
-0.362955,0.636283,0.205950
-0.438316,0.726192,0.181530
-0.086339,0.749230,0.101850
-0.044523,0.685999,0.087770
0.039110,0.559538,0.059610
0.077978,0.388608,0.067350
0.097412,0.303143,0.071220
0.282310,0.228507,0.183030
0.316679,0.210919,0.204680
0.385417,0.175744,0.247980
0.417368,0.094339,0.204580
0.433344,0.053637,0.182880
0.538799,-0.072679,0.064110
0.557039,-0.137005,0.034710
0.593518,-0.265656,-0.024090
0.622290,-0.431178,-0.073550
0.636676,-0.513938,-0.098280
0.511841,-0.838591,-0.287040
0.337877,-0.791232,-0.196210
-0.010051,-0.696513,-0.014550
-0.191604,-0.716129,0.018090
-0.282381,-0.725937,0.034410
-0.262796,-0.153800,0.044850
-0.329176,-0.111854,0.127450
-0.461936,-0.027963,0.292650
-0.545152,0.065381,0.272690
-0.586760,0.112052,0.262710
-0.491627,0.359531,0.059220
-0.456071,0.434929,0.036800
-0.384958,0.585725,-0.008040
-0.248623,0.653803,-0.057520
-0.180456,0.687842,-0.082260
0.010496,0.652405,-0.129480
0.040801,0.616936,-0.107690
0.101412,0.545997,-0.064110
0.104397,0.475358,-0.017210
0.105890,0.440038,0.006240
0.150991,0.357697,0.037920
0.186514,0.331383,0.055790
0.257560,0.278754,0.091530
0.237508,0.206371,0.074030
0.227482,0.170179,0.065280
0.197575,-0.014014,0.012540
0.214061,-0.053921,0.000970
0.247034,-0.133734,-0.022170
0.413170,-0.134645,-0.157010
0.496238,-0.135100,-0.224430
0.834236,-0.389462,-0.362910
0.594438,-0.432479,-0.274260
0.114841,-0.518514,-0.096960
-0.004255,-0.498535,-0.025200
-0.063803,-0.488546,0.010680
-0.179416,-0.361295,0.028350
-0.239762,-0.315121,0.040470
-0.360454,-0.222772,0.064710
-0.409866,-0.118052,0.081310
-0.434571,-0.065692,0.089610
-0.455385,-0.022899,0.141390
-0.455910,-0.010769,0.143980
-0.456960,0.013489,0.149160
-0.454281,0.114001,0.105720
-0.452941,0.164257,0.084000
-0.533049,0.389394,0.022710
-0.536351,0.447072,0.016010
-0.542955,0.562430,0.002610
-0.401377,0.582105,-0.028670
-0.330587,0.591943,-0.044310
-0.192098,0.574582,-0.112260
-0.167503,0.559528,-0.116260
-0.118313,0.529420,-0.124260
-0.176214,0.442391,-0.092900
-0.205164,0.398877,-0.077220
-0.380211,0.403463,-0.052110
-0.294902,0.367013,-0.056680
-0.124285,0.294114,-0.065820
-0.134440,0.232098,-0.193620
-0.139518,0.201091,-0.257520
-0.112229,0.210177,-0.346980
-0.135714,0.221441,-0.374410
-0.182683,0.243970,-0.429270
-0.175138,0.244554,-0.438690
-0.171366,0.244846,-0.443400
-0.169344,0.251014,-0.420990
-0.175672,0.287247,-0.413600
-0.188329,0.359712,-0.398820
-0.198746,0.424108,-0.342920
-0.203954,0.456306,-0.314970
-0.253829,0.477077,-0.276870
-0.271301,0.470664,-0.307600
-0.306244,0.457838,-0.369060
-0.242403,0.427633,-0.358720
-0.210482,0.412531,-0.353550
-0.219536,0.346545,-0.283140
-0.230374,0.253658,-0.250550
-0.252049,0.067883,-0.185370
-0.078001,0.129754,-0.089250
0.009023,0.160690,-0.041190
-0.051845,0.014015,0.002130
-0.035772,0.007955,0.001862
0.000000,0.000000,0.000000
0.003628,0.004165,-0.001327
