body_0_w,body_0_x,body_0_y,body_0_z
0.998542,-0.025882,0.047361,0.001228
0.998542,-0.025878,0.047361,0.001229
0.998541,-0.025895,0.047377,0.001152
0.998537,-0.025954,0.047426,0.000917
0.998536,-0.026005,0.047421,0.000780
0.998536,-0.026052,0.047390,0.000691
0.998538,-0.026196,0.047280,-0.000199
0.998538,-0.026306,0.047200,-0.001074
0.998537,-0.026348,0.047183,-0.001922
0.998534,-0.026372,0.047184,-0.002800
0.998530,-0.026386,0.047193,-0.003693
0.998526,-0.026368,0.047230,-0.004457
0.998522,-0.026353,0.047266,-0.005096
0.998518,-0.026346,0.047296,-0.005485
0.998516,-0.026290,0.047339,-0.005846
0.998513,-0.026210,0.047387,-0.006192
0.998529,-0.025996,0.047232,-0.005761
0.998544,-0.025829,0.047053,-0.005316
0.998559,-0.025756,0.046828,-0.004843
0.998581,-0.025697,0.046469,-0.004142
0.998605,-0.025644,0.046043,-0.003326
0.998631,-0.025635,0.045532,-0.002215
0.998656,-0.025633,0.045035,-0.001052
0.998677,-0.025647,0.044567,0.000213
0.998692,-0.025653,0.044222,0.001268
0.998702,-0.025657,0.043938,0.002218
0.998702,-0.025684,0.043937,0.002203
0.998701,-0.025694,0.043932,0.002295
0.998702,-0.025669,0.043921,0.002601
0.998699,-0.025622,0.044022,0.002600
0.998693,-0.025564,0.044179,0.002445
0.998687,-0.025584,0.044366,0.001266
0.998681,-0.025662,0.044482,0.000015
0.998676,-0.025855,0.044454,-0.001381
0.998670,-0.026070,0.044397,-0.002854
0.998662,-0.026296,0.044324,-0.004364
0.998657,-0.026430,0.044237,-0.005401
0.998653,-0.026532,0.044163,-0.006209
0.998651,-0.026573,0.044116,-0.006562
0.998662,-0.026409,0.043993,-0.006368
0.998679,-0.026144,0.043832,-0.005899
0.998697,-0.025809,0.043748,-0.004988
0.998713,-0.025447,0.043686,-0.003972
0.998729,-0.025030,0.043666,-0.002747
0.998741,-0.024611,0.043693,-0.001473
0.998750,-0.024192,0.043745,-0.000177
0.998753,-0.023834,0.043850,0.000942
0.998755,-0.023509,0.043954,0.001933
0.998755,-0.023249,0.044057,0.002667
0.998755,-0.023068,0.044111,0.003157
0.998756,-0.022927,0.044142,0.003525
0.998756,-0.022920,0.044148,0.003538
0.998756,-0.022921,0.044139,0.003525
0.998758,-0.022936,0.044100,0.003458
0.998759,-0.023016,0.044047,0.003260
0.998760,-0.023127,0.043989,0.002997
0.998761,-0.023232,0.043914,0.002918
0.998763,-0.023323,0.043824,0.002941
0.998766,-0.023383,0.043703,0.003166
0.998771,-0.023409,0.043552,0.003453
0.998777,-0.023417,0.043388,0.003770
0.998784,-0.023423,0.043210,0.003824
0.998791,-0.023434,0.043043,0.003752
0.998798,-0.023455,0.042897,0.003427
0.998805,-0.023433,0.042779,0.003056
0.998812,-0.023389,0.042677,0.002662
0.998822,-0.023069,0.042582,0.002894
0.998831,-0.022784,0.042508,0.003192
0.998836,-0.022573,0.042473,0.003622
0.998840,-0.022316,0.042457,0.004357
0.998842,-0.022036,0.042449,0.005246
0.998841,-0.021954,0.042462,0.005588
0.998838,-0.021908,0.042502,0.005946
0.998831,-0.021935,0.042600,0.006334
0.998823,-0.022034,0.042719,0.006465
0.998815,-0.022169,0.042850,0.006467
0.998817,-0.022118,0.042830,0.006453
0.998817,-0.022114,0.042835,0.006401
0.998813,-0.022206,0.042887,0.006273
0.998825,-0.022145,0.042668,0.006183
0.998843,-0.022009,0.042312,0.006111
0.998873,-0.021737,0.041789,0.005903
0.998909,-0.021388,0.041149,0.005550
0.998958,-0.020886,0.040275,0.004910
0.999009,-0.020363,0.039367,0.003987
0.999060,-0.019828,0.038441,0.002923
0.999115,-0.019041,0.037492,0.001257
0.999164,-0.018121,0.036636,-0.000574
0.999206,-0.016934,0.035968,-0.002732
0.999233,-0.015402,0.035641,-0.005117
0.999247,-0.013695,0.035485,-0.007614
0.999236,-0.011330,0.035829,-0.010706
0.999202,-0.008713,0.036273,-0.014296
0.999124,-0.005593,0.036915,-0.018884
0.998969,-0.002035,0.037668,-0.025272
0.998727,0.001742,0.038475,-0.032560
0.998260,0.005772,0.039545,-0.043349
0.997589,0.009666,0.040772,-0.055317
0.996585,0.013286,0.042314,-0.069645
0.995179,0.016205,0.044138,-0.086064
0.993382,0.018769,0.046095,-0.103513
0.990790,0.020264,0.048346,-0.124848
0.987464,0.021424,0.050559,-0.147987
0.982955,0.021917,0.052708,-0.174761
0.977909,0.023187,0.054663,-0.200419
0.972297,0.024838,0.056503,-0.225454
0.960018,0.022029,0.058554,-0.272859
0.945579,0.018844,0.060340,-0.319192
0.929226,0.014962,0.061739,-0.364010
0.910973,0.012175,0.063430,-0.407377
0.890810,0.009925,0.065198,-0.449564
0.857017,0.008410,0.068466,-0.510651
0.813728,0.006320,0.071717,-0.576770
0.753108,0.003101,0.075041,-0.653596
0.675981,-0.001982,0.077482,-0.732832
0.585177,-0.007969,0.078833,-0.807025
0.475520,-0.016888,0.077274,-0.876142
0.355874,-0.025835,0.076074,-0.931074
0.224616,-0.035029,0.076816,-0.970783
0.097042,-0.044160,0.073858,-0.991553
-0.028849,-0.052909,0.068549,-0.995826
-0.137250,-0.055270,0.057745,-0.987306
-0.240671,-0.057228,0.046811,-0.967787
-0.335489,-0.059107,0.036434,-0.939482
-0.428580,-0.056233,0.028439,-0.901304
-0.518296,-0.050690,0.021496,-0.853427
-0.622636,-0.033183,0.017454,-0.781613
-0.718306,-0.015524,0.013483,-0.695423
-0.805214,0.001791,0.009951,-0.592899
-0.877574,0.015991,0.007769,-0.479112
-0.934155,0.028430,0.006195,-0.355680
-0.971886,0.030637,0.000285,-0.233452
-0.993026,0.029798,-0.007377,-0.113831
-0.999543,0.023446,-0.018504,-0.004592
-0.995551,0.016960,-0.029234,0.087957
-0.984285,0.010390,-0.039678,0.171756
-0.969120,0.006468,-0.046839,0.242014
-0.947934,0.003864,-0.053448,0.313926
-0.918917,0.003937,-0.059131,0.389975
-0.878615,0.008040,-0.066034,0.472875
-0.827623,0.014103,-0.073150,0.556319
-0.765355,0.024562,-0.082914,0.637773
-0.693691,0.035290,-0.092528,0.713432
-0.611180,0.046742,-0.102618,0.783418
-0.505910,0.057276,-0.112345,0.853319
-0.383714,0.066662,-0.120567,0.913118
-0.237038,0.066992,-0.122557,0.961408
-0.089472,0.063066,-0.117792,0.986987
0.052322,0.052387,-0.102718,0.991951
0.193901,0.044716,-0.078908,0.976820
0.332593,0.038083,-0.049986,0.940975
0.417034,0.038816,-0.034284,0.907414
0.503377,0.032486,-0.021865,0.863179
0.595500,0.012253,-0.016296,0.803097
0.682077,-0.008639,-0.013202,0.731110
0.760807,-0.029740,-0.011256,0.648198
0.826071,-0.049348,-0.008233,0.561341
0.882089,-0.067390,-0.004590,0.466215
0.928694,-0.082751,0.000181,0.361497
0.962777,-0.092399,0.006867,0.253921
0.984594,-0.098602,0.014447,0.143677
0.993819,-0.097513,0.024116,0.047264
0.994016,-0.094754,0.033450,-0.042836
0.987856,-0.089808,0.042376,-0.119497
0.977662,-0.085122,0.050036,-0.185548
0.964246,-0.080467,0.056990,-0.245983
0.945920,-0.079100,0.064202,-0.307989
0.921208,-0.078567,0.072175,-0.374156
0.886082,-0.079901,0.081805,-0.449201
0.843781,-0.081191,0.092164,-0.522444
0.794682,-0.082143,0.102513,-0.592642
0.750378,-0.083214,0.109801,-0.646492
0.707701,-0.081940,0.114139,-0.692400
0.673279,-0.076525,0.113292,-0.726639
0.599367,-0.077899,0.116916,-0.788050
0.499010,-0.081787,0.121456,-0.854136
0.364837,-0.089549,0.142902,-0.915671
0.232014,-0.090517,0.155401,-0.955943
0.112768,-0.080300,0.153779,-0.978359
0.011305,-0.066762,0.145743,-0.987003
-0.080991,-0.051447,0.134174,-0.986302
-0.153118,-0.041970,0.119564,-0.980050
-0.219766,-0.034766,0.103985,-0.969372
-0.276382,-0.032410,0.087308,-0.956525
-0.329410,-0.031250,0.072472,-0.940883
-0.380150,-0.030646,0.058468,-0.922566
-0.439066,-0.021651,0.048100,-0.896905
-0.500441,-0.010256,0.038848,-0.864838
-0.567788,0.005852,0.031993,-0.822532
-0.640199,0.023927,0.027010,-0.767361
-0.711226,0.042815,0.022809,-0.701287
-0.782470,0.062896,0.015961,-0.619298
-0.842376,0.081507,0.008411,-0.532624
-0.889958,0.097941,-0.000294,-0.445402
-0.924269,0.111364,-0.008887,-0.365029
-0.949722,0.122993,-0.017386,-0.287401
-0.965042,0.129713,-0.025818,-0.226280
-0.975739,0.134912,-0.034397,-0.168966
-0.982153,0.137734,-0.043393,-0.120504
-0.985818,0.138362,-0.051068,-0.080070
-0.987786,0.137849,-0.058062,-0.043645
-0.988546,0.135893,-0.063678,-0.015988
-0.988581,0.133749,-0.068723,0.009750
-0.988160,0.131364,-0.072687,0.031627
-0.987483,0.128333,-0.075738,0.051682
-0.986527,0.124961,-0.078320,0.070815
-0.985921,0.118280,-0.077892,0.088899
-0.985049,0.109642,-0.076724,0.108489
-0.983816,0.097109,-0.074085,0.131102
-0.980911,0.085206,-0.071807,0.159363
-0.976479,0.073559,-0.069660,0.190332
-0.968947,0.067423,-0.069573,0.227498
-0.959884,0.061123,-0.069239,0.264748
-0.949128,0.054592,-0.068511,0.302460
-0.937298,0.048258,-0.067585,0.338490
-0.924312,0.041992,-0.066516,0.373442
-0.911956,0.036257,-0.065411,0.403414
-0.899334,0.030692,-0.064248,0.431427
-0.887361,0.025518,-0.063055,0.456031
-0.876421,0.020918,-0.061874,0.477097
-0.865860,0.016604,-0.060688,0.496315
-0.861488,0.015212,-0.059981,0.503994
-0.856989,0.013798,-0.059339,0.511721
-0.852305,0.012339,-0.058831,0.519580
-0.848631,0.011255,-0.058434,0.525628
-0.845460,0.010360,-0.058093,0.530768
-0.843519,0.009864,-0.057843,0.533885
-0.841864,0.009457,-0.057604,0.536524
-0.840799,0.009227,-0.057388,0.538217
