joint_0,joint_1,joint_2,joint_3,joint_4,joint_5,joint_6,joint_7,joint_8,joint_9,joint_10,joint_11,joint_12,joint_13,joint_14,joint_15,joint_16,joint_17,joint_18,joint_19,joint_20,joint_21,joint_22,joint_23,joint_24,joint_25,joint_26,joint_27,joint_28
-0.684927,0.200732,0.224907,0.263204,-0.080988,0.059100,0.395213,-0.872623,0.184591,0.863449,0.524007,-0.861413,-1.689870,-0.142377,-0.545976,1.405471,-0.753823,-0.088759,0.066476,-0.139370,0.254831,1.226446,1.318440,0.919665,-0.912060,0.647053,0.408701,-0.266841,0.098172
-0.684761,0.200724,0.224146,0.263281,-0.081010,0.058829,0.395453,-0.872625,0.184662,0.863241,0.524044,-0.863131,-1.690327,-0.144726,-0.545996,1.405606,-0.753863,-0.088439,0.066479,-0.137570,0.252671,1.228664,1.320601,0.920630,-0.927529,0.662654,0.407631,-0.269983,0.100876
-0.684228,0.200777,0.223629,0.263985,-0.081029,0.058364,0.395726,-0.872540,0.184372,0.864090,0.524139,-0.864565,-1.690336,-0.147572,-0.545928,1.405720,-0.754146,-0.088200,0.066495,-0.134989,0.250513,1.231089,1.322336,0.922877,-0.943202,0.679805,0.406290,-0.273902,0.103954
-0.682962,0.200951,0.223599,0.265943,-0.081042,0.057511,0.396065,-0.872278,0.183356,0.867055,0.524353,-0.865430,-1.689447,-0.151413,-0.545683,1.405790,-0.754916,-0.088126,0.066535,-0.130848,0.248358,1.233931,1.323219,0.927688,-0.959284,0.700056,0.404406,-0.279378,0.107784
-0.681504,0.200594,0.223779,0.267929,-0.081218,0.056708,0.396901,-0.871757,0.182512,0.869477,0.525216,-0.865826,-1.688352,-0.155178,-0.545723,1.405768,-0.755829,-0.088373,0.066653,-0.126339,0.246772,1.236069,1.323140,0.932623,-0.973984,0.718619,0.401539,-0.284736,0.111579
-0.679951,0.199972,0.224065,0.269930,-0.081477,0.055930,0.397986,-0.871105,0.181754,0.871628,0.526405,-0.865987,-1.687153,-0.158906,-0.545906,1.405699,-0.756813,-0.088782,0.066810,-0.121648,0.245470,1.237856,1.322581,0.937620,-0.987994,0.736339,0.398181,-0.290035,0.115357
-0.678465,0.199094,0.224647,0.272438,-0.082169,0.055466,0.399755,-0.870605,0.181247,0.873475,0.528366,-0.865588,-1.686726,-0.161903,-0.546317,1.405589,-0.757598,-0.089486,0.066902,-0.117742,0.244695,1.238895,1.321856,0.938015,-0.999676,0.745343,0.394029,-0.291381,0.117872
-0.677193,0.198197,0.225417,0.274874,-0.082935,0.055064,0.401522,-0.870132,0.180791,0.875018,0.530090,-0.865438,-1.686339,-0.164319,-0.546683,1.405485,-0.758190,-0.090154,0.067088,-0.114471,0.243839,1.240124,1.321196,0.936572,-1.010621,0.751228,0.389898,-0.291011,0.119884
-0.676348,0.197260,0.226562,0.277165,-0.083846,0.054787,0.403285,-0.869714,0.180438,0.875951,0.531339,-0.865787,-1.686035,-0.165573,-0.546960,1.405397,-0.758392,-0.090752,0.067462,-0.112469,0.242821,1.241734,1.320666,0.931455,-1.020091,0.750879,0.385808,-0.287208,0.120894
-0.676075,0.196482,0.227775,0.278983,-0.084855,0.054670,0.404573,-0.869315,0.180377,0.876342,0.532657,-0.866640,-1.686053,-0.165701,-0.547273,1.405350,-0.758445,-0.091381,0.067853,-0.111401,0.242116,1.242999,1.320387,0.923917,-1.028153,0.746431,0.382151,-0.280828,0.121176
-0.676087,0.195782,0.229022,0.280565,-0.085913,0.054633,0.405624,-0.868925,0.180463,0.876462,0.534008,-0.867746,-1.686232,-0.165265,-0.547605,1.405325,-0.758423,-0.092027,0.068251,-0.110800,0.241569,1.244092,1.320233,0.915168,-1.035510,0.739934,0.378711,-0.273158,0.121096
-0.676725,0.195195,0.230482,0.281398,-0.086820,0.054335,0.405982,-0.868587,0.181080,0.875676,0.534955,-0.868274,-1.685898,-0.163441,-0.547929,1.405335,-0.758224,-0.092495,0.068652,-0.110280,0.240866,1.244395,1.319737,0.904204,-1.041680,0.730694,0.376130,-0.263044,0.121106
-0.677521,0.194590,0.231720,0.282081,-0.087724,0.054079,0.406188,-0.868331,0.181713,0.874946,0.536004,-0.868492,-1.685728,-0.161553,-0.548366,1.405409,-0.757926,-0.092942,0.069055,-0.110147,0.240755,1.244474,1.319294,0.892466,-1.047292,0.721156,0.373940,-0.252531,0.121468
-0.678635,0.193950,0.232516,0.282463,-0.088622,0.053903,0.406089,-0.868241,0.182374,0.874330,0.537256,-0.868091,-1.685885,-0.159535,-0.549027,1.405609,-0.757429,-0.093346,0.069463,-0.110786,0.241825,1.244103,1.318958,0.879180,-1.051787,0.711022,0.372531,-0.241216,0.122535
-0.679660,0.193647,0.232753,0.282481,-0.089389,0.053744,0.405832,-0.868463,0.182922,0.873707,0.538815,-0.867453,-1.686975,-0.157718,-0.549768,1.405989,-0.756626,-0.093710,0.069811,-0.112803,0.244368,1.243610,1.319274,0.864974,-1.054744,0.701614,0.372421,-0.230387,0.124505
-0.680640,0.193513,0.232710,0.282317,-0.090090,0.053592,0.405497,-0.868840,0.183412,0.873082,0.540526,-0.866698,-1.688530,-0.156000,-0.550548,1.406458,-0.755669,-0.094053,0.070129,-0.115509,0.247646,1.243055,1.319917,0.850307,-1.056932,0.692569,0.372960,-0.219801,0.126928
-0.681085,0.193242,0.231997,0.281783,-0.091244,0.053326,0.405000,-0.869922,0.184005,0.872766,0.542129,-0.865346,-1.690575,-0.155268,-0.551117,1.406867,-0.754862,-0.094152,0.070484,-0.119039,0.251048,1.241082,1.320820,0.838329,-1.056299,0.687647,0.376250,-0.213168,0.130510
-0.681467,0.193100,0.231175,0.281167,-0.092415,0.052915,0.404431,-0.871061,0.184563,0.872601,0.544057,-0.863986,-1.692753,-0.154549,-0.551747,1.407160,-0.754180,-0.094163,0.070781,-0.122312,0.253952,1.238572,1.321846,0.829201,-1.054591,0.684885,0.380542,-0.208989,0.134242
-0.681725,0.193216,0.230139,0.280387,-0.093621,0.052214,0.403719,-0.872312,0.185053,0.872738,0.546638,-0.862607,-1.695195,-0.153858,-0.552498,1.407223,-0.753749,-0.093997,0.070963,-0.125068,0.255859,1.234985,1.323116,0.825777,-1.050731,0.686443,0.386837,-0.209718,0.138276
-0.681956,0.193316,0.228957,0.279253,-0.094899,0.051320,0.402632,-0.873583,0.185320,0.872565,0.549755,-0.861285,-1.697823,-0.153227,-0.553390,1.407212,-0.753601,-0.093787,0.070983,-0.126432,0.256557,1.229736,1.325035,0.830434,-1.045287,0.691745,0.394596,-0.215995,0.142269
-0.682173,0.193408,0.227704,0.277943,-0.096212,0.050331,0.401358,-0.874863,0.185475,0.872238,0.553141,-0.859991,-1.700544,-0.152627,-0.554353,1.407163,-0.753596,-0.093555,0.070922,-0.127100,0.256650,1.223655,1.327277,0.839132,-1.039049,0.698920,0.403087,-0.225045,0.146243
-0.682600,0.193555,0.226435,0.276062,-0.097267,0.049839,0.399561,-0.876317,0.185661,0.871534,0.556295,-0.861143,-1.704839,-0.150946,-0.555616,1.406507,-0.753932,-0.093164,0.070582,-0.127487,0.256433,1.218380,1.332147,0.856337,-1.031500,0.706296,0.412391,-0.238669,0.149880
-0.683249,0.193722,0.225384,0.274038,-0.098047,0.049387,0.397592,-0.877377,0.185825,0.870507,0.559242,-0.862075,-1.708699,-0.148887,-0.556909,1.405696,-0.754418,-0.092794,0.070098,-0.127311,0.255620,1.213873,1.336921,0.873533,-1.024427,0.711969,0.421626,-0.251505,0.153488
-0.684346,0.193930,0.224770,0.271726,-0.098279,0.049017,0.395280,-0.877648,0.185947,0.868833,0.561779,-0.862569,-1.711691,-0.146072,-0.558260,1.404572,-0.755202,-0.092465,0.069322,-0.126009,0.253618,1.210901,1.341505,0.890710,-1.018306,0.714237,0.430726,-0.262762,0.157035
-0.685505,0.193875,0.225047,0.269578,-0.098167,0.049238,0.392939,-0.877473,0.185832,0.866887,0.562627,-0.862598,-1.713812,-0.143080,-0.558976,1.403537,-0.756238,-0.092313,0.068811,-0.124167,0.251302,1.210126,1.345374,0.903773,-1.014130,0.713051,0.438733,-0.269652,0.160027
-0.686696,0.193689,0.225770,0.267512,-0.097884,0.049755,0.390583,-0.877076,0.185599,0.864806,0.562632,-0.862395,-1.715497,-0.139999,-0.559373,1.402546,-0.757400,-0.092249,0.068432,-0.122055,0.248831,1.210451,1.348885,0.914779,-1.010926,0.710138,0.446194,-0.274358,0.162741
-0.688969,0.193738,0.226537,0.267419,-0.098060,0.050014,0.388722,-0.876265,0.185433,0.867028,0.565067,-0.862254,-1.715891,-0.140040,-0.562038,1.401921,-0.758261,-0.092039,0.067948,-0.120418,0.245834,1.212239,1.349577,0.919368,-1.010501,0.707118,0.449834,-0.274777,0.162855
-0.690850,0.193616,0.227433,0.267420,-0.098156,0.050366,0.387038,-0.875366,0.185319,0.869072,0.566754,-0.861746,-1.716191,-0.140253,-0.564001,1.401431,-0.759049,-0.091932,0.067541,-0.119037,0.243396,1.213482,1.350131,0.922944,-1.010725,0.705467,0.452085,-0.275260,0.162003
-0.691948,0.193154,0.228585,0.267610,-0.098094,0.050904,0.385709,-0.874292,0.185307,0.870757,0.566944,-0.860502,-1.716304,-0.140808,-0.564563,1.401211,-0.759689,-0.092030,0.067288,-0.118169,0.242075,1.213634,1.350408,0.924492,-1.012251,0.706558,0.451558,-0.275871,0.159221
-0.692552,0.192842,0.229634,0.267869,-0.098029,0.051299,0.384915,-0.872981,0.185265,0.871711,0.567192,-0.858152,-1.716445,-0.141455,-0.565045,1.401209,-0.760280,-0.092219,0.066988,-0.117605,0.241231,1.214121,1.350280,0.926002,-1.014977,0.710325,0.448610,-0.277685,0.154538
-0.692909,0.192604,0.230632,0.268163,-0.097964,0.051621,0.384389,-0.871552,0.185208,0.872298,0.567470,-0.855249,-1.716600,-0.142147,-0.565488,1.401316,-0.760846,-0.092453,0.066664,-0.117193,0.240626,1.214776,1.349950,0.927492,-1.018304,0.715431,0.444452,-0.280101,0.148906
-0.693466,0.191814,0.231636,0.269574,-0.097930,0.051635,0.384172,-0.869489,0.185189,0.872880,0.567596,-0.852664,-1.716518,-0.142125,-0.565431,1.401543,-0.761261,-0.092858,0.066596,-0.116838,0.240391,1.214417,1.349016,0.931094,-1.023144,0.722837,0.437503,-0.284284,0.141254
-0.693981,0.190832,0.232794,0.271243,-0.097940,0.051650,0.384243,-0.867136,0.185076,0.873170,0.568072,-0.849952,-1.715938,-0.141653,-0.565488,1.401891,-0.761746,-0.093395,0.066529,-0.116038,0.240228,1.214296,1.347995,0.935615,-1.028444,0.730621,0.430219,-0.288880,0.133403
-0.694411,0.189465,0.234259,0.273430,-0.098036,0.051666,0.384889,-0.864205,0.184778,0.872877,0.569249,-0.846987,-1.714358,-0.140283,-0.565772,1.402480,-0.762375,-0.094197,0.066466,-0.114344,0.240205,1.214652,1.346800,0.941977,-1.034662,0.739161,0.422263,-0.294300,0.125156
-0.694822,0.188009,0.235942,0.275712,-0.098054,0.051712,0.385720,-0.861090,0.184438,0.872157,0.570239,-0.845230,-1.712836,-0.138755,-0.566104,1.402921,-0.762686,-0.094950,0.066402,-0.112650,0.240273,1.216006,1.345116,0.949615,-1.041993,0.747971,0.414807,-0.300250,0.117828
-0.695223,0.186507,0.237734,0.278042,-0.098033,0.051771,0.386643,-0.857883,0.184079,0.871223,0.571135,-0.844076,-1.711341,-0.137149,-0.566459,1.403287,-0.762838,-0.095680,0.066338,-0.110956,0.240386,1.217861,1.343188,0.957891,-1.049879,0.756915,0.407601,-0.306465,0.110960
-0.695368,0.185728,0.238875,0.279507,-0.097920,0.052088,0.387463,-0.855436,0.183903,0.869779,0.571500,-0.842848,-1.710334,-0.135858,-0.566779,1.403617,-0.762875,-0.096129,0.066215,-0.108158,0.239703,1.219912,1.341455,0.965945,-1.059051,0.765242,0.402509,-0.312916,0.106966
-0.695345,0.185298,0.239594,0.280590,-0.097870,0.052401,0.388243,-0.853482,0.183810,0.868265,0.571751,-0.841476,-1.709853,-0.134951,-0.567054,1.403846,-0.762882,-0.096431,0.066134,-0.105381,0.238418,1.221696,1.340037,0.972961,-1.068106,0.772940,0.398389,-0.319158,0.104010
-0.694986,0.185565,0.239471,0.280909,-0.097948,0.052704,0.388946,-0.852511,0.183882,0.866611,0.571774,-0.839812,-1.710427,-0.134814,-0.567235,1.403875,-0.762830,-0.096441,0.066136,-0.102643,0.235932,1.222946,1.339246,0.977901,-1.076929,0.779376,0.396209,-0.324982,0.103131
-0.694408,0.186410,0.238484,0.280540,-0.098582,0.052952,0.389383,-0.852931,0.184164,0.865364,0.572490,-0.837735,-1.712423,-0.135814,-0.567632,1.403761,-0.762834,-0.096212,0.066257,-0.101043,0.232871,1.223080,1.339837,0.979093,-1.084139,0.783933,0.396371,-0.329777,0.103459
-0.693721,0.187544,0.237065,0.279827,-0.099495,0.053173,0.389687,-0.854045,0.184551,0.864321,0.573554,-0.835450,-1.715131,-0.137384,-0.568135,1.403577,-0.762867,-0.095864,0.066436,-0.100010,0.229522,1.222657,1.341117,0.978411,-1.090542,0.787549,0.397703,-0.334057,0.104391
-0.692772,0.188903,0.234961,0.278302,-0.100918,0.053028,0.389573,-0.856444,0.185179,0.863923,0.575505,-0.831184,-1.718921,-0.140167,-0.568455,1.403290,-0.763066,-0.095318,0.066859,-0.100093,0.225361,1.219773,1.344030,0.971551,-1.093666,0.788831,0.402353,-0.336261,0.105292
-0.691776,0.190314,0.232900,0.276648,-0.102426,0.052931,0.389339,-0.859196,0.185826,0.863695,0.577425,-0.826718,-1.722783,-0.142953,-0.568599,1.403021,-0.763416,-0.094786,0.067351,-0.100726,0.221575,1.216342,1.347207,0.962934,-1.095431,0.789872,0.407644,-0.337628,0.105642
-0.690685,0.191831,0.230927,0.274736,-0.104102,0.052931,0.388866,-0.862657,0.186515,0.863807,0.579280,-0.821850,-1.726789,-0.145748,-0.568392,1.402789,-0.764072,-0.094281,0.067980,-0.102460,0.218537,1.211816,1.350913,0.950801,-1.094476,0.790435,0.414219,-0.337319,0.104891
-0.689705,0.193073,0.229251,0.272910,-0.105776,0.052949,0.388327,-0.866264,0.187047,0.864183,0.581206,-0.817523,-1.730550,-0.148269,-0.568163,1.402810,-0.765202,-0.093937,0.068689,-0.105120,0.217991,1.208243,1.354714,0.936236,-1.090091,0.791455,0.420790,-0.335252,0.102714
-0.688782,0.194178,0.227725,0.271127,-0.107448,0.052976,0.387755,-0.869946,0.187502,0.864689,0.583167,-0.813466,-1.734189,-0.150653,-0.567922,1.402958,-0.766569,-0.093672,0.069437,-0.108242,0.218691,1.205146,1.358563,0.920454,-1.083991,0.792704,0.427360,-0.332307,0.099823
-0.688403,0.194720,0.226899,0.271016,-0.109001,0.052804,0.387857,-0.873031,0.187437,0.866419,0.585654,-0.810985,-1.736067,-0.152824,-0.567948,1.403219,-0.768459,-0.093689,0.070083,-0.110869,0.222626,1.204809,1.360815,0.902882,-1.073525,0.794940,0.432724,-0.327284,0.095900
-0.687908,0.195063,0.226383,0.271171,-0.110385,0.052767,0.388144,-0.875898,0.187186,0.868272,0.587747,-0.809120,-1.737305,-0.154873,-0.567853,1.403530,-0.770457,-0.093762,0.070750,-0.113130,0.226895,1.205111,1.362390,0.885798,-1.063043,0.797456,0.437645,-0.322132,0.092296
-0.687181,0.195008,0.226486,0.271857,-0.111430,0.052996,0.388801,-0.878328,0.186561,0.870367,0.589054,-0.808487,-1.737263,-0.156681,-0.567518,1.403939,-0.772672,-0.093944,0.071459,-0.114662,0.231831,1.206692,1.362607,0.869691,-1.052533,0.800532,0.441681,-0.316722,0.089329
-0.686468,0.194748,0.227097,0.272896,-0.111939,0.053210,0.389662,-0.879374,0.185841,0.871387,0.590141,-0.809316,-1.736520,-0.158379,-0.567434,1.404320,-0.774780,-0.094389,0.071819,-0.115335,0.235196,1.208610,1.361710,0.857658,-1.045868,0.803993,0.444669,-0.312791,0.088146
-0.685761,0.194385,0.227961,0.274110,-0.112180,0.053415,0.390625,-0.879729,0.185073,0.871869,0.591118,-0.810877,-1.735426,-0.160024,-0.567477,1.404686,-0.776834,-0.094966,0.072006,-0.115579,0.237776,1.210696,1.360254,0.847661,-1.041126,0.807648,0.447133,-0.309600,0.087856
-0.685357,0.194372,0.228580,0.275788,-0.112201,0.053141,0.391481,-0.879756,0.185288,0.872205,0.591134,-0.814791,-1.734320,-0.160259,-0.567483,1.404423,-0.777964,-0.095072,0.072010,-0.115439,0.235936,1.211775,1.357797,0.846614,-1.043914,0.811898,0.447528,-0.309769,0.090694
-0.685018,0.194248,0.229252,0.277422,-0.112135,0.052857,0.392308,-0.879690,0.185382,0.872473,0.591237,-0.818647,-1.733249,-0.160585,-0.567517,1.404086,-0.778824,-0.095241,0.072034,-0.115057,0.233338,1.212858,1.355743,0.847098,-1.047640,0.816407,0.447641,-0.310229,0.093857
-0.684808,0.193901,0.230029,0.278968,-0.111895,0.052555,0.393076,-0.879438,0.185231,0.872604,0.591514,-0.822383,-1.732245,-0.161096,-0.567609,1.403602,-0.779140,-0.095536,0.072097,-0.114190,0.229225,1.213951,1.354493,0.850644,-1.053245,0.821434,0.447193,-0.311272,0.097670
-0.684857,0.193749,0.230604,0.279758,-0.111503,0.051833,0.393368,-0.879183,0.185185,0.872017,0.591545,-0.826103,-1.730614,-0.160621,-0.567781,1.402690,-0.779303,-0.095963,0.072043,-0.112906,0.223970,1.214575,1.353193,0.854460,-1.058248,0.826234,0.446846,-0.312394,0.100889
-0.685036,0.193695,0.231079,0.280170,-0.111035,0.050902,0.393422,-0.878927,0.185192,0.871071,0.591453,-0.829813,-1.728668,-0.159653,-0.567994,1.401563,-0.779389,-0.096457,0.071930,-0.111414,0.218145,1.214964,1.351868,0.858410,-1.062951,0.830921,0.446550,-0.313557,0.103811
-0.685462,0.194021,0.231190,0.280417,-0.110677,0.049934,0.393215,-0.879330,0.185437,0.870031,0.591062,-0.832844,-1.727856,-0.158409,-0.568110,1.399844,-0.779188,-0.096503,0.071888,-0.109647,0.214072,1.215535,1.351179,0.858707,-1.063282,0.833149,0.447373,-0.314289,0.104260
-0.685912,0.194440,0.231211,0.280606,-0.110535,0.049137,0.392911,-0.880103,0.185567,0.869222,0.590960,-0.835211,-1.727396,-0.157388,-0.568400,1.398184,-0.779020,-0.096417,0.071787,-0.108119,0.211270,1.216128,1.351163,0.856894,-1.062147,0.834552,0.448601,-0.314601,0.104118
-0.686411,0.195044,0.231053,0.280679,-0.110824,0.048685,0.392415,-0.881618,0.185464,0.868874,0.591434,-0.836251,-1.727641,-0.156815,-0.569039,1.396644,-0.778920,-0.096068,0.071568,-0.107069,0.211012,1.216762,1.352496,0.850861,-1.058081,0.834305,0.450641,-0.314072,0.102794
-0.686759,0.195489,0.230952,0.281137,-0.111463,0.048367,0.392203,-0.883269,0.185434,0.869698,0.592678,-0.836279,-1.728737,-0.156650,-0.569672,1.395251,-0.778798,-0.095655,0.071585,-0.106766,0.212687,1.216920,1.353727,0.840970,-1.052556,0.834019,0.452725,-0.313109,0.101676
-0.687031,0.195854,0.230881,0.281789,-0.112277,0.048116,0.392135,-0.884989,0.185439,0.871108,0.594308,-0.835800,-1.730257,-0.156689,-0.570302,1.393933,-0.778667,-0.095212,0.071721,-0.106837,0.215329,1.216839,1.354908,0.829149,-1.046303,0.833715,0.454830,-0.311928,0.100663
-0.687352,0.195609,0.231391,0.282854,-0.113067,0.048030,0.392534,-0.885951,0.185415,0.871871,0.595948,-0.834748,-1.731961,-0.155984,-0.570758,1.393043,-0.778466,-0.094985,0.072053,-0.107873,0.219960,1.217303,1.355243,0.816516,-1.040254,0.836527,0.456151,-0.311954,0.101262
-0.687757,0.195216,0.232134,0.283935,-0.113796,0.047905,0.392940,-0.886594,0.185452,0.872481,0.597583,-0.833817,-1.733403,-0.154971,-0.571184,1.392332,-0.778239,-0.094840,0.072293,-0.109010,0.224776,1.217835,1.355367,0.805877,-1.034923,0.840754,0.457021,-0.313146,0.102370
-0.688329,0.194530,0.233344,0.285050,-0.114402,0.047699,0.393359,-0.886599,0.185611,0.872785,0.599210,-0.833128,-1.734320,-0.153343,-0.571551,1.391980,-0.777960,-0.094856,0.072347,-0.110349,0.229965,1.218502,1.355069,0.799225,-1.031025,0.847813,0.456989,-0.316671,0.104495
-0.688958,0.194047,0.234303,0.285701,-0.114744,0.047045,0.393569,-0.886288,0.185734,0.872772,0.600532,-0.833033,-1.734822,-0.151434,-0.571856,1.391773,-0.777665,-0.094968,0.072443,-0.111457,0.234725,1.219336,1.354222,0.798588,-1.029405,0.856928,0.456029,-0.322849,0.106615
-0.689616,0.193666,0.235138,0.286122,-0.114955,0.046167,0.393673,-0.885819,0.185838,0.872602,0.601703,-0.833234,-1.735116,-0.149385,-0.572130,1.391637,-0.777361,-0.095127,0.072560,-0.112449,0.239272,1.220253,1.353100,0.800958,-1.028924,0.867070,0.454604,-0.330353,0.108732
-0.690260,0.193418,0.235880,0.285571,-0.115346,0.045782,0.393166,-0.885918,0.186179,0.871815,0.602730,-0.834087,-1.736188,-0.147559,-0.572738,1.391521,-0.776924,-0.095390,0.072394,-0.113318,0.242852,1.220937,1.352831,0.809181,-1.032066,0.878259,0.452110,-0.339755,0.109428
-0.690840,0.193353,0.236426,0.284804,-0.115734,0.045250,0.392430,-0.886335,0.186651,0.871108,0.603575,-0.834830,-1.737005,-0.145850,-0.573275,1.391411,-0.776594,-0.095728,0.072252,-0.113913,0.245301,1.221553,1.352190,0.817453,-1.036253,0.889293,0.449355,-0.348936,0.109786
-0.691291,0.193651,0.236581,0.283607,-0.116115,0.044427,0.391234,-0.887388,0.187387,0.870560,0.604055,-0.835350,-1.737316,-0.144376,-0.573666,1.391317,-0.776482,-0.096217,0.072158,-0.113962,0.245491,1.222031,1.350805,0.825821,-1.042534,0.900020,0.446078,-0.357676,0.109468
-0.691668,0.193867,0.236709,0.282442,-0.116141,0.043944,0.389829,-0.888213,0.187965,0.870100,0.604076,-0.835501,-1.737519,-0.143362,-0.574027,1.390878,-0.776131,-0.096783,0.072135,-0.113970,0.244598,1.222918,1.350003,0.831405,-1.050150,0.910789,0.442829,-0.364062,0.109555
-0.692009,0.194042,0.236824,0.281293,-0.115990,0.043632,0.388318,-0.888925,0.188465,0.869682,0.603867,-0.835467,-1.737670,-0.142577,-0.574372,1.390267,-0.775661,-0.097387,0.072146,-0.113958,0.243163,1.224009,1.349492,0.835596,-1.058434,0.921580,0.439593,-0.369272,0.109845
-0.692588,0.193662,0.236861,0.280594,-0.115422,0.043883,0.386579,-0.889121,0.189123,0.869808,0.603313,-0.835211,-1.736811,-0.142019,-0.574581,1.389465,-0.775078,-0.097989,0.072193,-0.113978,0.239998,1.225062,1.347796,0.834913,-1.068137,0.933489,0.436480,-0.371071,0.112536
-0.693099,0.193154,0.236945,0.280034,-0.114679,0.044176,0.385100,-0.889031,0.189824,0.869846,0.602634,-0.835633,-1.735973,-0.141501,-0.574834,1.388601,-0.774325,-0.098489,0.072246,-0.114281,0.237013,1.225909,1.345785,0.833074,-1.077994,0.945963,0.433599,-0.371927,0.115842
-0.693472,0.192387,0.237123,0.279753,-0.113582,0.044550,0.384140,-0.888369,0.190610,0.869709,0.601706,-0.837409,-1.735173,-0.141063,-0.575172,1.387613,-0.773229,-0.098784,0.072313,-0.115150,0.234386,1.226345,1.343147,0.828924,-1.088159,0.959567,0.431182,-0.370893,0.120378
-0.693804,0.191465,0.237851,0.279429,-0.112399,0.045055,0.382872,-0.887021,0.191591,0.868492,0.600063,-0.840881,-1.735033,-0.139771,-0.574861,1.386828,-0.771850,-0.099050,0.072324,-0.116586,0.232968,1.226780,1.340613,0.825017,-1.096206,0.972860,0.430246,-0.368792,0.124575
-0.694115,0.190465,0.238852,0.279085,-0.111173,0.045624,0.381450,-0.885329,0.192669,0.866736,0.598062,-0.845200,-1.735223,-0.138051,-0.574224,1.386144,-0.770330,-0.099300,0.072307,-0.118305,0.232153,1.227214,1.338131,0.821230,-1.103195,0.985999,0.430050,-0.366157,0.128602
-0.693298,0.190276,0.239489,0.278170,-0.108850,0.045468,0.380506,-0.884072,0.192906,0.861950,0.593207,-0.851713,-1.736384,-0.134414,-0.571343,1.385867,-0.768571,-0.099056,0.072305,-0.120558,0.232358,1.226262,1.336259,0.819957,-1.101685,0.995963,0.434801,-0.361265,0.130236
-0.692165,0.190444,0.240688,0.277023,-0.106491,0.045728,0.379590,-0.883082,0.193263,0.856493,0.587847,-0.858153,-1.737873,-0.130282,-0.568026,1.385927,-0.766824,-0.098701,0.072326,-0.123091,0.233612,1.225118,1.334656,0.818707,-1.096623,1.004575,0.441163,-0.355541,0.131274
-0.690403,0.191324,0.243012,0.275413,-0.104061,0.046820,0.378730,-0.882627,0.193858,0.849694,0.581476,-0.864445,-1.740018,-0.125160,-0.563838,1.386662,-0.765099,-0.098124,0.072391,-0.126184,0.236965,1.223590,1.333590,0.817501,-1.084456,1.010481,0.450743,-0.348153,0.131118
-0.688931,0.192142,0.245948,0.273534,-0.102689,0.048169,0.377110,-0.882765,0.193853,0.843706,0.576954,-0.867739,-1.741972,-0.119973,-0.560465,1.388070,-0.763642,-0.097721,0.072680,-0.129237,0.240938,1.222035,1.332916,0.816372,-1.064903,1.013968,0.462711,-0.341824,0.130441
-0.687605,0.192928,0.249191,0.271520,-0.101845,0.049646,0.375110,-0.883199,0.193546,0.838124,0.573355,-0.869533,-1.743831,-0.114754,-0.557499,1.389815,-0.762320,-0.097407,0.073081,-0.132269,0.245222,1.220467,1.332437,0.815282,-1.041657,1.016246,0.475871,-0.336025,0.129504
-0.687206,0.193212,0.254256,0.267752,-0.102619,0.051824,0.369550,-0.884302,0.192423,0.833396,0.572490,-0.867299,-1.744960,-0.108495,-0.555887,1.392850,-0.761641,-0.098518,0.073746,-0.134734,0.250599,1.217797,1.332532,0.819400,-1.007930,1.018316,0.490625,-0.337966,0.128452
-0.687123,0.193421,0.259331,0.262504,-0.103594,0.053670,0.361711,-0.885501,0.191203,0.828138,0.571418,-0.864270,-1.745400,-0.101154,-0.554402,1.396074,-0.761137,-0.100584,0.074451,-0.136439,0.256129,1.214702,1.332743,0.826975,-0.971106,1.021373,0.505064,-0.343540,0.126710
-0.687670,0.193479,0.264427,0.254295,-0.104972,0.054853,0.349311,-0.886891,0.189789,0.821821,0.569930,-0.859653,-1.744466,-0.091651,-0.553171,1.399672,-0.760985,-0.104561,0.075236,-0.136620,0.261965,1.210755,1.333183,0.841463,-0.928091,1.026404,0.518872,-0.356380,0.123592
-0.689913,0.192876,0.270143,0.242644,-0.107750,0.055263,0.331143,-0.887946,0.188588,0.816434,0.571325,-0.854524,-1.741582,-0.081060,-0.554210,1.403156,-0.760955,-0.110990,0.075955,-0.134645,0.268847,1.205892,1.334308,0.863632,-0.879134,1.033848,0.530317,-0.375334,0.116024
-0.693004,0.191943,0.276169,0.229272,-0.111228,0.055287,0.310090,-0.888832,0.187493,0.811512,0.574162,-0.849138,-1.737723,-0.069925,-0.556383,1.406581,-0.760986,-0.118644,0.076641,-0.131591,0.276252,1.200571,1.335775,0.889642,-0.827206,1.042499,0.540581,-0.397346,0.106231
-0.696558,0.191026,0.282252,0.212203,-0.116393,0.053546,0.284360,-0.889266,0.187101,0.807076,0.579212,-0.842792,-1.731518,-0.059045,-0.560296,1.409280,-0.760876,-0.129150,0.077158,-0.125292,0.287421,1.194735,1.339275,0.923490,-0.765302,1.053633,0.545532,-0.424766,0.085359
-0.699700,0.190295,0.288125,0.195317,-0.122257,0.051315,0.259615,-0.889719,0.187135,0.803204,0.585016,-0.835729,-1.725205,-0.049369,-0.564269,1.411691,-0.760729,-0.139658,0.077620,-0.118176,0.300459,1.189005,1.343706,0.957490,-0.700720,1.065187,0.548614,-0.452474,0.060689
-0.702016,0.189938,0.293581,0.178798,-0.129518,0.048100,0.236837,-0.890210,0.188024,0.800458,0.592328,-0.827235,-1.718673,-0.042101,-0.568361,1.413523,-0.760509,-0.150168,0.077976,-0.109423,0.317237,1.183487,1.350001,0.991792,-0.630783,1.077582,0.547959,-0.480759,0.028420
-0.704574,0.188968,0.298095,0.165535,-0.139995,0.044110,0.220177,-0.890875,0.189990,0.802120,0.605688,-0.817145,-1.713418,-0.039894,-0.573937,1.414823,-0.760500,-0.158721,0.078350,-0.099541,0.337384,1.178699,1.358107,1.020320,-0.561651,1.089883,0.544727,-0.505588,-0.007738
-0.707252,0.187692,0.302138,0.153902,-0.152080,0.039732,0.206574,-0.891627,0.192494,0.805986,0.622073,-0.806257,-1.708800,-0.040216,-0.580254,1.415856,-0.760598,-0.166294,0.078733,-0.089094,0.359216,1.174275,1.367120,1.045961,-0.492922,1.102137,0.540207,-0.528689,-0.045841
-0.711566,0.184176,0.304461,0.148417,-0.170979,0.034380,0.203872,-0.892307,0.196626,0.818334,0.651720,-0.794340,-1.707267,-0.048744,-0.589671,1.416100,-0.761505,-0.170248,0.079358,-0.077087,0.382350,1.172157,1.378147,1.054191,-0.438195,1.111885,0.535558,-0.538484,-0.081197
-0.716019,0.179869,0.306171,0.144498,-0.192097,0.028754,0.204104,-0.892696,0.201057,0.832148,0.684851,-0.782502,-1.706412,-0.058804,-0.599180,1.416047,-0.762774,-0.173555,0.080149,-0.064330,0.404116,1.171812,1.389416,1.054547,-0.390647,1.119600,0.531900,-0.541210,-0.113369
-0.720752,0.173981,0.306654,0.143709,-0.217649,0.022579,0.210204,-0.892500,0.206087,0.848896,0.724953,-0.770822,-1.706914,-0.071931,-0.608875,1.415402,-0.764765,-0.175566,0.081272,-0.050070,0.423146,1.175013,1.401165,1.039152,-0.357453,1.123251,0.530228,-0.529796,-0.139176
-0.725203,0.165822,0.306308,0.145001,-0.247295,0.016137,0.220116,-0.890823,0.210925,0.866036,0.769869,-0.758939,-1.706566,-0.085520,-0.616882,1.414204,-0.767612,-0.177634,0.083010,-0.033570,0.437539,1.183238,1.411858,1.006972,-0.337661,1.119921,0.530248,-0.502453,-0.156422
-0.729514,0.156528,0.305548,0.147333,-0.278987,0.009560,0.231935,-0.888406,0.215669,0.883374,0.817193,-0.746955,-1.705793,-0.099340,-0.624046,1.412729,-0.770886,-0.179729,0.085055,-0.015950,0.449615,1.193976,1.422022,0.966399,-0.324570,1.113101,0.531116,-0.467144,-0.169389
-0.733068,0.141350,0.302794,0.152282,-0.314971,0.003528,0.247160,-0.882138,0.220317,0.899205,0.867808,-0.732011,-1.701192,-0.111635,-0.626736,1.410751,-0.775873,-0.182763,0.088048,0.005778,0.455934,1.212651,1.427750,0.905746,-0.324880,1.091719,0.532441,-0.415207,-0.168100
-0.736520,0.123245,0.298436,0.158272,-0.351120,-0.002026,0.262804,-0.874147,0.224808,0.915006,0.918370,-0.715152,-1.696842,-0.123868,-0.628152,1.408656,-0.781584,-0.186042,0.090998,0.028478,0.459911,1.232198,1.431594,0.842234,-0.326560,1.065061,0.534664,-0.362876,-0.162572
-0.739766,0.099282,0.290870,0.166340,-0.387602,-0.006624,0.279284,-0.862708,0.228982,0.930747,0.968825,-0.694461,-1.692993,-0.135981,-0.627017,1.406330,-0.788743,-0.189812,0.093860,0.053122,0.459206,1.253490,1.431672,0.773004,-0.330978,1.027850,0.538681,-0.309756,-0.148563
-0.742448,0.073583,0.281952,0.176998,-0.418316,-0.012697,0.295340,-0.848880,0.230688,0.947286,1.016205,-0.671054,-1.670516,-0.149445,-0.619305,1.405893,-0.798857,-0.193378,0.093267,0.082014,0.488217,1.282799,1.417907,0.706360,-0.330099,0.990336,0.551012,-0.263800,-0.132153
-0.744848,0.047016,0.272359,0.188951,-0.446146,-0.019508,0.311182,-0.833857,0.231159,0.964225,1.062047,-0.646289,-1.638726,-0.163585,-0.608305,1.406402,-0.810448,-0.196842,0.090947,0.113029,0.532086,1.316116,1.397221,0.641008,-0.326571,0.952672,0.567501,-0.221426,-0.114542
-0.745896,-0.000835,0.253171,0.205896,-0.475386,-0.020367,0.325629,-0.811980,0.225461,0.982256,1.100064,-0.618402,-1.605355,-0.179311,-0.608454,1.409177,-0.828657,-0.197882,0.093888,0.155163,0.560334,1.349236,1.394136,0.582990,-0.293798,0.867266,0.609712,-0.189145,-0.114819
-0.745188,-0.047940,0.227413,0.223271,-0.500929,-0.020448,0.342412,-0.791607,0.218793,1.000637,1.130917,-0.586966,-1.566850,-0.194793,-0.609277,1.412299,-0.850598,-0.197649,0.095409,0.198660,0.585340,1.377205,1.398257,0.523841,-0.250898,0.773121,0.653281,-0.162379,-0.120038
-0.740971,-0.093554,0.188516,0.241506,-0.519074,-0.018976,0.363867,-0.774238,0.210187,1.019719,1.147439,-0.548432,-1.518078,-0.209786,-0.611444,1.416117,-0.880004,-0.194867,0.094088,0.244885,0.603863,1.394874,1.416792,0.462428,-0.187742,0.661498,0.699566,-0.146640,-0.135138
-0.739095,-0.152212,0.131326,0.262680,-0.541282,-0.024012,0.373904,-0.748310,0.210302,1.040035,1.172489,-0.549370,-1.468936,-0.222274,-0.596853,1.414679,-0.914964,-0.189992,0.096316,0.276180,0.617793,1.389712,1.432158,0.417321,-0.119153,0.592815,0.740391,-0.111941,-0.128294
-0.738391,-0.217394,0.064990,0.285325,-0.565521,-0.032302,0.378233,-0.718101,0.214778,1.060967,1.201802,-0.570045,-1.419608,-0.233508,-0.573881,1.410615,-0.952701,-0.184069,0.100319,0.300010,0.629428,1.373136,1.445940,0.380367,-0.047847,0.545602,0.778486,-0.067762,-0.110477
-0.742590,-0.309678,-0.000849,0.323296,-0.562118,-0.044712,0.361926,-0.662429,0.250660,1.088577,1.217413,-0.701984,-1.365038,-0.246184,-0.524526,1.388351,-0.975879,-0.177387,0.108228,0.243917,0.623627,1.290817,1.386451,0.333132,0.017623,0.525542,0.774201,0.027653,-0.086413
-0.746723,-0.395257,-0.061075,0.357695,-0.551347,-0.054119,0.342136,-0.608132,0.284631,1.114171,1.224527,-0.824162,-1.313984,-0.256178,-0.474361,1.361551,-0.994720,-0.169525,0.115307,0.169548,0.613767,1.205861,1.327978,0.293549,0.054142,0.500579,0.757970,0.105060,-0.077490
-0.750723,-0.467427,-0.110072,0.384951,-0.525843,-0.057523,0.315382,-0.556584,0.314778,1.135732,1.214644,-0.926814,-1.269960,-0.260809,-0.422577,1.325679,-1.004888,-0.159305,0.120728,0.058629,0.595790,1.115633,1.271534,0.269272,0.032761,0.465811,0.717845,0.146450,-0.098849
-0.746390,-0.523690,-0.151886,0.397244,-0.502752,-0.057627,0.289669,-0.504167,0.331662,1.156057,1.166623,-1.000945,-1.228344,-0.258811,-0.361745,1.288457,-1.012983,-0.148620,0.127512,-0.050186,0.558762,1.043507,1.245544,0.259214,0.017120,0.449890,0.679965,0.150521,-0.152665
-0.737890,-0.572000,-0.190108,0.402056,-0.480869,-0.056081,0.264476,-0.451315,0.341914,1.175764,1.099533,-1.060815,-1.187931,-0.253500,-0.296389,1.250560,-1.020043,-0.137702,0.134977,-0.157950,0.512207,0.980432,1.234780,0.256267,0.004350,0.443393,0.643207,0.135933,-0.222710
-0.707097,-0.604284,-0.222029,0.387454,-0.449129,-0.053987,0.241998,-0.386455,0.342549,1.185390,1.006622,-1.115798,-1.138807,-0.240874,-0.169040,1.209342,-1.023696,-0.124323,0.156231,-0.244202,0.436749,0.936109,1.232135,0.256255,0.047772,0.483658,0.621967,0.089034,-0.298558
-0.668388,-0.628775,-0.245284,0.370898,-0.408525,-0.051022,0.222760,-0.319188,0.341858,1.188543,0.896635,-1.165188,-1.085675,-0.224749,-0.020331,1.167954,-1.025331,-0.109751,0.181246,-0.323244,0.365518,0.894931,1.217734,0.252851,0.084377,0.522492,0.599359,0.043035,-0.352276
-0.613843,-0.637679,-0.251208,0.350435,-0.350195,-0.046316,0.210003,-0.247107,0.338513,1.178753,0.752494,-1.203391,-1.024527,-0.201628,0.171099,1.126223,-1.022926,-0.092792,0.213780,-0.387865,0.302739,0.860042,1.179823,0.242661,0.107347,0.558462,0.574016,-0.001166,-0.361736
-0.551856,-0.643025,-0.242375,0.329912,-0.286074,-0.041763,0.206168,-0.191404,0.325583,1.159646,0.620100,-1.211390,-0.936924,-0.166538,0.337913,1.094263,-1.022434,-0.077153,0.239495,-0.443756,0.252887,0.839383,1.132225,0.222317,0.100439,0.555481,0.533525,-0.019022,-0.332595
-0.486146,-0.646592,-0.226164,0.309358,-0.219059,-0.037287,0.206794,-0.143891,0.307860,1.135881,0.493580,-1.204287,-0.836093,-0.125463,0.492419,1.067187,-1.022897,-0.062174,0.261800,-0.495283,0.209497,0.825838,1.079783,0.196896,0.078591,0.533024,0.485461,-0.023707,-0.284154
-0.420948,-0.673970,-0.214670,0.274577,-0.169155,-0.038947,0.211684,-0.164593,0.281277,1.106035,0.524540,-1.150835,-0.686854,-0.067035,0.511128,1.056071,-1.029340,-0.055686,0.261800,-0.526614,0.147994,0.812006,1.030627,0.174238,0.069542,0.465355,0.426475,0.010459,-0.246952
-0.358102,-0.699039,-0.204064,0.238334,-0.122444,-0.037087,0.219070,-0.199686,0.258746,1.072644,0.581121,-1.093923,-0.554876,-0.007739,0.516479,1.043210,-1.034028,-0.054625,0.261800,-0.540007,0.089691,0.784759,0.974433,0.157098,0.069671,0.403629,0.374836,0.047086,-0.215054
-0.299963,-0.719489,-0.195237,0.199171,-0.082120,-0.028187,0.231446,-0.263562,0.244320,1.032163,0.688944,-1.030093,-0.457417,0.053295,0.495114,1.026860,-1.035205,-0.064417,0.261800,-0.517527,0.037789,0.730682,0.904165,0.150995,0.088153,0.353789,0.337890,0.088631,-0.193765
-0.241869,-0.754910,-0.193536,0.150622,-0.071529,-0.020446,0.258317,-0.306424,0.243828,0.974038,0.877618,-0.999697,-0.441843,0.110177,0.468477,0.997071,-1.031001,-0.084225,0.261800,-0.470583,0.028632,0.673897,0.830284,0.146131,0.120482,0.333450,0.312332,0.111094,-0.162499
-0.183797,-0.797815,-0.195400,0.097381,-0.075805,-0.013284,0.292435,-0.338778,0.250304,0.907089,1.106718,-0.986018,-0.467212,0.164984,0.439202,0.960562,-1.024108,-0.109042,0.261800,-0.411407,0.040848,0.615759,0.754597,0.141887,0.159735,0.327861,0.292467,0.124014,-0.126245
-0.179085,-0.853592,-0.205185,0.031046,-0.124995,-0.001733,0.311836,-0.329355,0.260548,0.831501,1.339161,-1.028514,-0.570092,0.230937,0.482433,0.908099,-1.010054,-0.149048,0.261800,-0.381834,0.106057,0.589058,0.707260,0.140601,0.242603,0.324056,0.279494,0.137948,-0.073410
-0.176882,-0.906459,-0.216980,-0.029709,-0.179220,0.009165,0.323029,-0.314079,0.272616,0.751879,1.547736,-1.059641,-0.676282,0.300982,0.513723,0.855198,-0.993564,-0.192935,0.261800,-0.380618,0.176591,0.559559,0.666040,0.134786,0.343418,0.335015,0.272250,0.143980,-0.011575
-0.179694,-0.953506,-0.232798,-0.079300,-0.243511,0.018755,0.317805,-0.287096,0.288332,0.664190,1.708575,-1.068030,-0.789096,0.379211,0.521131,0.801422,-0.972202,-0.244584,0.261800,-0.436115,0.257776,0.524460,0.637054,0.119917,0.480130,0.375503,0.276466,0.134206,0.068262
-0.198870,-1.008385,-0.233436,-0.080768,-0.281203,0.034028,0.324385,-0.251636,0.292678,0.619639,1.815521,-1.114591,-0.874274,0.428297,0.523600,0.753269,-0.946593,-0.261800,0.261800,-0.502606,0.328760,0.523265,0.610556,0.129721,0.538020,0.418265,0.294565,0.143190,0.066395
-0.226228,-1.067181,-0.226484,-0.058173,-0.305595,0.052143,0.336867,-0.211936,0.291341,0.596657,1.895520,-1.180236,-0.945636,0.462810,0.523600,0.707926,-0.918862,-0.261800,0.261800,-0.574593,0.394644,0.539020,0.585302,0.151862,0.556500,0.462165,0.319606,0.161554,0.023676
-0.253969,-1.117305,-0.181746,-0.025496,-0.325619,0.064979,0.342880,-0.225290,0.265750,0.570323,1.945831,-1.231724,-0.973631,0.453505,0.425269,0.689200,-0.900215,-0.261800,0.239287,-0.605945,0.405628,0.655329,0.620913,0.098800,0.604855,0.498129,0.368298,0.165068,0.002088
-0.275057,-1.153378,-0.134158,0.004540,-0.353818,0.077992,0.342734,-0.254765,0.239712,0.543148,1.995436,-1.272629,-0.989979,0.434713,0.320579,0.678069,-0.887895,-0.258507,0.227660,-0.634601,0.419462,0.759377,0.648806,0.068530,0.565535,0.494691,0.386931,0.156619,-0.014581
-0.282837,-1.161349,-0.080869,0.029295,-0.398367,0.091355,0.330269,-0.316482,0.212776,0.514290,2.043627,-1.292371,-0.983032,0.396948,0.203172,0.682129,-0.888229,-0.248630,0.237802,-0.657868,0.438993,0.838906,0.661261,0.083841,0.350866,0.412450,0.345446,0.124244,-0.021413
-0.279798,-1.149884,-0.031595,0.049316,-0.417874,0.105503,0.337950,-0.396724,0.195475,0.492253,2.092709,-1.279082,-0.957000,0.344121,0.140835,0.689720,-0.889232,-0.210944,0.249430,-0.694409,0.462181,0.856667,0.639506,0.121699,0.200010,0.355812,0.302658,0.106012,-0.026925
-0.271348,-1.128701,0.015671,0.066971,-0.424861,0.120043,0.355703,-0.486228,0.182991,0.473626,2.142236,-1.249278,-0.921424,0.283762,0.106034,0.699076,-0.890571,-0.159355,0.261800,-0.737587,0.487196,0.843546,0.600645,0.170829,0.081060,0.311977,0.259219,0.094851,-0.031777
-0.284334,-1.068993,0.038985,0.057509,-0.445019,0.131096,0.331562,-0.574796,0.185684,0.480909,2.163392,-1.222013,-0.912744,0.224246,0.105779,0.697438,-0.888226,-0.139674,0.261800,-0.763308,0.526061,0.770989,0.557471,0.211906,0.015746,0.328011,0.238241,0.092486,-0.039051
-0.299476,-1.016418,0.058472,0.044772,-0.468346,0.139128,0.304953,-0.640889,0.190752,0.490490,2.186929,-1.208407,-0.915907,0.168872,0.116354,0.693549,-0.884433,-0.126056,0.261800,-0.785756,0.563035,0.710998,0.520341,0.240286,-0.041247,0.334862,0.227801,0.085298,-0.057191
-0.318932,-0.978110,0.070305,0.025486,-0.498010,0.141117,0.273407,-0.662030,0.200566,0.504665,2.215229,-1.222117,-0.942752,0.121784,0.148589,0.685156,-0.877741,-0.124564,0.261800,-0.801657,0.596229,0.676140,0.495298,0.243270,-0.081598,0.323349,0.238439,0.068465,-0.097063
-0.337236,-0.963790,0.074711,0.012038,-0.526834,0.139360,0.252846,-0.644881,0.214681,0.512331,2.237527,-1.253705,-0.973448,0.089040,0.194872,0.674866,-0.866219,-0.127396,0.261800,-0.816791,0.612414,0.669004,0.478619,0.228334,-0.095129,0.302985,0.272650,0.052381,-0.146285
-0.354965,-0.961466,0.075403,0.001510,-0.555237,0.135729,0.237777,-0.608587,0.230945,0.516742,2.256825,-1.294232,-1.006068,0.063468,0.248180,0.663627,-0.852282,-0.132390,0.261800,-0.831542,0.620095,0.675731,0.466120,0.204437,-0.095250,0.278197,0.318647,0.036672,-0.200182
-0.362139,-0.976981,0.060901,0.001395,-0.568942,0.128636,0.235990,-0.548007,0.250201,0.511616,2.249768,-1.331763,-1.013969,0.082862,0.300793,0.649089,-0.830582,-0.136603,0.261800,-0.843128,0.607033,0.698905,0.460023,0.180670,-0.050756,0.275834,0.358376,0.037296,-0.233102
-0.366391,-0.986215,0.045129,0.007160,-0.580267,0.121791,0.235761,-0.491258,0.267367,0.507119,2.230500,-1.361631,-1.010758,0.114371,0.346233,0.633412,-0.806131,-0.138792,0.261800,-0.852244,0.588289,0.722927,0.453481,0.158959,0.004261,0.281206,0.385330,0.040851,-0.245617
-0.364799,-0.982883,0.026818,0.024688,-0.586833,0.115439,0.238648,-0.442169,0.280349,0.503879,2.186811,-1.376171,-0.985322,0.170109,0.377330,0.615456,-0.776175,-0.136932,0.261800,-0.856418,0.558182,0.748648,0.446045,0.141357,0.080324,0.302049,0.386732,0.050270,-0.217321
-0.363275,-0.955623,0.017150,0.059229,-0.595853,0.113414,0.239427,-0.397039,0.283285,0.511371,2.105842,-1.372952,-0.940819,0.223513,0.395590,0.597555,-0.741777,-0.130898,0.261800,-0.861718,0.525966,0.770473,0.433679,0.124635,0.166088,0.318795,0.377172,0.053582,-0.146811
-0.361783,-0.916398,0.011804,0.102278,-0.606102,0.113552,0.239152,-0.353888,0.281197,0.524228,2.006234,-1.360854,-0.886783,0.275750,0.407432,0.579680,-0.705158,-0.122777,0.261800,-0.867580,0.492695,0.790352,0.418848,0.108352,0.256701,0.333492,0.362130,0.053842,-0.055194
-0.358753,-0.866627,0.022474,0.151671,-0.596421,0.120970,0.226997,-0.298144,0.262631,0.548838,1.883239,-1.327009,-0.815482,0.308066,0.412968,0.568539,-0.669966,-0.109306,0.261800,-0.885309,0.476591,0.795968,0.401693,0.103913,0.292227,0.308996,0.362668,0.032359,-0.000417
-0.352268,-0.828928,0.036954,0.194902,-0.573488,0.129921,0.213262,-0.252063,0.240084,0.573711,1.778971,-1.285755,-0.747270,0.335444,0.413428,0.561429,-0.638230,-0.091334,0.261800,-0.904535,0.462584,0.794611,0.389127,0.108125,0.295514,0.276880,0.365193,0.005258,0.018376
-0.338871,-0.815370,0.059052,0.225813,-0.524052,0.141941,0.196371,-0.225307,0.209578,0.599114,1.712156,-1.229680,-0.685236,0.352947,0.403736,0.562380,-0.613409,-0.064357,0.261800,-0.926758,0.452771,0.779307,0.385737,0.129641,0.234323,0.229525,0.371693,-0.033079,-0.034799
-0.315846,-0.826753,0.085590,0.248400,-0.483485,0.154229,0.189743,-0.259443,0.174516,0.628081,1.693917,-1.157090,-0.641868,0.354358,0.373219,0.570659,-0.598693,-0.032920,0.261800,-0.936404,0.441628,0.750085,0.392589,0.169289,0.171991,0.210728,0.368024,-0.070337,-0.083278
-0.288006,-0.850605,0.114347,0.266825,-0.447354,0.166651,0.188247,-0.324024,0.137177,0.658830,1.699966,-1.076242,-0.607833,0.347723,0.332290,0.582601,-0.589030,0.000748,0.261800,-0.939762,0.429819,0.713904,0.404561,0.218002,0.109088,0.206211,0.359271,-0.107055,-0.129410
-0.264260,-0.806346,0.132476,0.268485,-0.468305,0.166761,0.198371,-0.484219,0.108412,0.686209,1.808720,-0.997149,-0.599751,0.334537,0.298910,0.593566,-0.596856,0.002195,0.261800,-0.901552,0.484616,0.648956,0.408990,0.276236,0.033358,0.231215,0.330532,-0.135137,-0.150142
-0.243076,-0.769839,0.134681,0.252414,-0.481741,0.164901,0.204730,-0.595839,0.091933,0.696686,1.922880,-0.931103,-0.614329,0.322055,0.274512,0.599337,-0.606454,-0.015246,0.261800,-0.859389,0.555529,0.575241,0.400704,0.305971,0.004727,0.257739,0.295259,-0.137627,-0.157626
-0.227019,-0.748836,0.105039,0.200882,-0.480147,0.159101,0.203555,-0.610309,0.100027,0.673363,2.047851,-0.891152,-0.674226,0.310984,0.268080,0.594721,-0.619594,-0.070465,0.261800,-0.809323,0.658671,0.483994,0.366989,0.278707,0.070293,0.287302,0.246919,-0.088935,-0.138614
-0.200910,-0.755118,0.052823,0.124434,-0.510601,0.149789,0.204216,-0.539406,0.120339,0.622831,2.125580,-0.888864,-0.780960,0.277551,0.369002,0.579850,-0.628950,-0.152503,0.261800,-0.755268,0.712224,0.423718,0.392586,0.199551,0.232975,0.321573,0.235327,-0.031900,-0.089807
-0.169777,-0.775043,-0.010680,0.035528,-0.557079,0.138722,0.205793,-0.425815,0.146760,0.558695,2.179689,-0.905407,-0.911111,0.232937,0.523600,0.559852,-0.636414,-0.247951,0.261800,-0.699220,0.740981,0.378927,0.447841,0.094448,0.444215,0.358196,0.242109,0.029307,-0.026102
-0.137943,-0.826983,-0.031683,-0.010848,-0.557211,0.129747,0.217565,-0.305133,0.157087,0.508332,2.188168,-0.959033,-0.948208,0.290408,0.523600,0.544229,-0.638220,-0.256260,0.261800,-0.703062,0.783259,0.416450,0.505729,0.112582,0.255228,0.364848,0.211396,0.074194,-0.017863
-0.126229,-0.876369,-0.033670,-0.037899,-0.569723,0.128548,0.230481,-0.202772,0.159016,0.465286,2.191506,-1.013419,-0.972727,0.347700,0.502746,0.533606,-0.636954,-0.261800,0.261800,-0.727195,0.802731,0.461742,0.543158,0.122702,0.137461,0.371315,0.183684,0.114690,0.001410
-0.154752,-0.920651,0.002377,-0.026303,-0.606996,0.142904,0.245686,-0.137053,0.144147,0.436871,2.184562,-1.069322,-0.972090,0.404636,0.440184,0.532986,-0.629545,-0.261800,0.261800,-0.791911,0.776590,0.522569,0.539670,0.116790,0.162133,0.377416,0.161975,0.146401,0.042750
-0.190318,-0.946473,0.046844,-0.003092,-0.645938,0.160646,0.250425,-0.132147,0.126715,0.437142,2.172102,-1.112244,-0.966053,0.428536,0.348510,0.541512,-0.620886,-0.255945,0.261800,-0.866892,0.736251,0.580849,0.548819,0.108446,0.298921,0.356347,0.182184,0.159200,0.163138
-0.229405,-0.963066,0.095522,0.025926,-0.685714,0.180082,0.249931,-0.157647,0.108001,0.451755,2.156884,-1.148675,-0.957318,0.435919,0.242280,0.554611,-0.611602,-0.247163,0.261800,-0.947006,0.688813,0.637856,0.564288,0.098885,0.491766,0.321694,0.223352,0.162541,0.323049
-0.258146,-0.966528,0.134888,0.062371,-0.699412,0.192734,0.272622,-0.226544,0.090386,0.471055,2.157897,-1.158604,-0.926608,0.410979,0.146441,0.577004,-0.606324,-0.224342,0.261800,-1.004949,0.636560,0.671389,0.583382,0.139227,0.532198,0.288462,0.271915,0.111959,0.335978
-0.283149,-0.959655,0.171146,0.098674,-0.706596,0.202786,0.295159,-0.306678,0.075412,0.492527,2.161432,-1.160994,-0.888489,0.372018,0.063404,0.599811,-0.601785,-0.196749,0.261800,-1.050823,0.594206,0.692471,0.588777,0.176486,0.539788,0.257278,0.300473,0.057824,0.298919
-0.300679,-0.932111,0.201188,0.134695,-0.700751,0.207637,0.317391,-0.409288,0.065721,0.518344,2.170011,-1.148306,-0.835552,0.305015,0.005973,0.623445,-0.598723,-0.159610,0.261800,-1.072557,0.571651,0.688653,0.566775,0.207579,0.481693,0.230186,0.289024,-0.003416,0.161881
-0.311982,-0.902004,0.217923,0.161036,-0.693546,0.208438,0.329662,-0.496991,0.064049,0.543124,2.170665,-1.129419,-0.792996,0.236136,0.008679,0.642468,-0.596140,-0.128891,0.261800,-1.068920,0.577009,0.667848,0.528260,0.237745,0.478425,0.211656,0.278055,-0.054269,0.016913
-0.320173,-0.870616,0.228005,0.182536,-0.685660,0.207215,0.336954,-0.577240,0.066387,0.567387,2.167355,-1.107432,-0.755630,0.166320,0.041455,0.659185,-0.593795,-0.101380,0.261800,-1.052598,0.596323,0.638551,0.481488,0.267447,0.502570,0.197406,0.267327,-0.099928,-0.132021
-0.322371,-0.859887,0.211578,0.194253,-0.686811,0.200657,0.348499,-0.604062,0.081256,0.586503,2.162374,-1.091845,-0.754243,0.115501,0.138165,0.665346,-0.594022,-0.087059,0.261800,-1.012651,0.643982,0.617074,0.436686,0.287091,0.582017,0.172507,0.254368,-0.115589,-0.212512
-0.325045,-0.859532,0.188463,0.204335,-0.687492,0.192142,0.361408,-0.615049,0.098968,0.603156,2.157478,-1.082279,-0.761962,0.071447,0.235942,0.668562,-0.595096,-0.075352,0.261800,-0.971851,0.690618,0.606311,0.397652,0.299696,0.647021,0.146098,0.245770,-0.123474,-0.263313
-0.328669,-0.879923,0.151973,0.211149,-0.687236,0.179715,0.377046,-0.594367,0.122365,0.614883,2.152754,-1.084755,-0.787893,0.040922,0.335854,0.665887,-0.597867,-0.068872,0.261800,-0.929342,0.735210,0.616974,0.370156,0.298222,0.683139,0.116667,0.245894,-0.115809,-0.254733
-0.337717,-0.912444,0.110324,0.216621,-0.675088,0.164630,0.383208,-0.560284,0.146740,0.621660,2.146133,-1.096728,-0.818901,0.028160,0.412774,0.659013,-0.600768,-0.064648,0.261800,-0.893427,0.764570,0.643395,0.356948,0.286998,0.663398,0.105973,0.261700,-0.098215,-0.206534
-0.349476,-0.951031,0.066095,0.221423,-0.656995,0.148217,0.384633,-0.519500,0.171605,0.625963,2.138563,-1.113448,-0.852449,0.024279,0.478197,0.650038,-0.603736,-0.061553,0.261800,-0.860808,0.786315,0.677695,0.350885,0.270899,0.615729,0.104646,0.285346,-0.075657,-0.138525
-0.365356,-0.984876,0.031288,0.234659,-0.621159,0.134853,0.369839,-0.475301,0.191752,0.627881,2.108879,-1.139571,-0.880261,0.054737,0.503787,0.635910,-0.601660,-0.057919,0.261800,-0.852242,0.786454,0.717058,0.352863,0.241393,0.516406,0.146351,0.306143,-0.033935,-0.079861
-0.379354,-1.008748,0.004466,0.254366,-0.587081,0.124143,0.354273,-0.430915,0.208478,0.630748,2.061897,-1.167814,-0.904099,0.094203,0.520229,0.620707,-0.595843,-0.054767,0.261800,-0.853695,0.780846,0.756992,0.352692,0.208013,0.422477,0.194486,0.320796,0.009303,-0.036170
-0.389588,-1.012671,-0.006386,0.287014,-0.556518,0.118743,0.337163,-0.386153,0.218365,0.635513,1.980320,-1.200298,-0.919989,0.151681,0.518375,0.603353,-0.582545,-0.052579,0.261800,-0.875185,0.763746,0.798067,0.348223,0.166888,0.339340,0.255480,0.323165,0.055576,-0.022426
-0.392395,-0.972537,-0.008346,0.325142,-0.549887,0.119461,0.319315,-0.343723,0.217842,0.640111,1.877096,-1.222765,-0.928831,0.208047,0.504619,0.584791,-0.563414,-0.060205,0.261800,-0.899075,0.739848,0.820281,0.354911,0.133429,0.282116,0.293070,0.318473,0.073933,-0.009557
-0.391487,-0.910373,-0.005861,0.366010,-0.555221,0.123238,0.301099,-0.302459,0.212116,0.644627,1.763049,-1.240223,-0.934151,0.263855,0.484912,0.565625,-0.541366,-0.072740,0.261800,-0.924163,0.712550,0.833064,0.367177,0.103804,0.237850,0.318957,0.310251,0.078333,0.002875
-0.372653,-0.780523,-0.014418,0.377072,-0.555700,0.138262,0.272394,-0.212795,0.195289,0.641907,1.592323,-1.238646,-0.938671,0.284263,0.452670,0.548703,-0.525148,-0.098518,0.261800,-0.960090,0.695611,0.759465,0.423872,0.086794,0.302574,0.279438,0.287204,0.037472,0.008787
-0.353731,-0.656671,-0.021433,0.374847,-0.532616,0.149725,0.244369,-0.103117,0.179730,0.637044,1.384163,-1.238908,-0.941041,0.299996,0.424585,0.534862,-0.511896,-0.113543,0.261800,-1.001497,0.683242,0.698617,0.472987,0.073630,0.343200,0.235831,0.267719,-0.004731,-0.002924
-0.334633,-0.544814,-0.025366,0.346049,-0.462409,0.154067,0.217703,0.046591,0.166705,0.627895,1.101132,-1.242850,-0.939110,0.306376,0.404812,0.527185,-0.504578,-0.107060,0.261800,-1.053867,0.680013,0.663271,0.506940,0.068157,0.335633,0.184046,0.255359,-0.049620,-0.049884
-0.301877,-0.595491,0.012505,0.341127,-0.470583,0.160063,0.223615,-0.009469,0.142143,0.632968,1.158829,-1.235053,-0.932950,0.314607,0.410552,0.530117,-0.499887,-0.085785,0.261800,-1.099843,0.680505,0.650419,0.509012,0.060902,0.383838,0.134543,0.251700,-0.081223,-0.039712
-0.262291,-0.727436,0.071278,0.348143,-0.517948,0.166887,0.245815,-0.168411,0.111811,0.645150,1.386889,-1.221386,-0.924676,0.323763,0.429048,0.538353,-0.496510,-0.057115,0.261800,-1.142622,0.682856,0.648814,0.495144,0.052756,0.459929,0.086179,0.252391,-0.106182,-0.000975
-0.267743,-0.812963,0.161598,0.400113,-0.507645,0.191200,0.255998,-0.359228,0.070298,0.730990,1.496545,-1.167471,-0.889864,0.305671,0.314119,0.557073,-0.491064,-0.023430,0.261800,-1.132942,0.658498,0.629580,0.468604,0.112245,0.276863,0.103989,0.241374,-0.055967,0.031282
-0.268870,-0.848397,0.234803,0.427971,-0.502878,0.212874,0.267448,-0.515642,0.033768,0.786453,1.644955,-1.108670,-0.863665,0.301157,0.237489,0.577598,-0.490087,-0.000045,0.261800,-1.103933,0.647870,0.606177,0.456340,0.161106,0.138619,0.104202,0.155430,-0.023599,0.078016
-0.261346,-0.783646,0.273777,0.407603,-0.509185,0.229274,0.281436,-0.603251,0.007202,0.781163,1.870874,-1.040098,-0.854692,0.323802,0.237457,0.601733,-0.498045,0.002738,0.261800,-1.036266,0.664702,0.574436,0.472625,0.188710,0.090021,0.069220,-0.080369,-0.026926,0.153702
-0.252176,-0.735987,0.290895,0.368137,-0.518401,0.238475,0.279217,-0.641978,-0.008771,0.759618,1.994770,-0.982376,-0.858542,0.322798,0.261984,0.628248,-0.509885,-0.012640,0.261800,-0.986673,0.699349,0.541890,0.484345,0.183970,0.030374,0.053098,-0.095785,-0.029209,0.115263
-0.242182,-0.696875,0.297085,0.319121,-0.529072,0.244078,0.268896,-0.656263,-0.019448,0.729944,2.067656,-0.930079,-0.868804,0.309969,0.298790,0.655952,-0.523665,-0.037099,0.261800,-0.946115,0.742903,0.508942,0.493782,0.163056,-0.034796,0.046407,-0.001008,-0.030969,0.019762
-0.233514,-0.683533,0.279930,0.274652,-0.565925,0.241569,0.269713,-0.631403,-0.018381,0.711952,2.080614,-0.883837,-0.871413,0.283755,0.376646,0.686047,-0.539317,-0.069632,0.261800,-0.927158,0.793142,0.486272,0.485720,0.149289,-0.023217,0.100402,0.072995,-0.001849,-0.018875
-0.221126,-0.680028,0.257526,0.228170,-0.600118,0.237342,0.272153,-0.596029,-0.015773,0.691275,2.094136,-0.840200,-0.876665,0.266548,0.447560,0.714800,-0.554826,-0.103138,0.261800,-0.908881,0.833238,0.472228,0.476572,0.141443,0.003892,0.152620,0.119312,0.024577,-0.029234
-0.201298,-0.696197,0.224620,0.177661,-0.628990,0.229675,0.277840,-0.539630,-0.010082,0.665229,2.108787,-0.801772,-0.887203,0.267353,0.504590,0.740869,-0.570046,-0.138591,0.261800,-0.891966,0.853045,0.475433,0.465251,0.145441,0.062063,0.201285,0.110254,0.045615,0.016965
-0.176698,-0.719345,0.192651,0.126063,-0.647224,0.225052,0.279843,-0.470151,-0.001999,0.629599,2.122026,-0.757325,-0.904366,0.291794,0.523600,0.774830,-0.589386,-0.169971,0.261800,-0.866784,0.869417,0.485528,0.471969,0.143209,0.074767,0.237374,0.105696,0.064036,0.050697
-0.149714,-0.745982,0.161150,0.073919,-0.660139,0.221951,0.280004,-0.394133,0.007279,0.589176,2.134560,-0.709867,-0.924841,0.328053,0.523600,0.812737,-0.610785,-0.199315,0.261800,-0.837470,0.884070,0.499068,0.487706,0.137862,0.064738,0.267176,0.103388,0.081149,0.078197
-0.139636,-0.787859,0.162675,0.039148,-0.678681,0.225254,0.281787,-0.306540,0.005683,0.541237,2.125794,-0.666373,-0.954194,0.385118,0.523600,0.853482,-0.630698,-0.213676,0.261800,-0.790081,0.897289,0.530138,0.525499,0.115732,0.013814,0.292486,0.114659,0.098732,0.066424
-0.138384,-0.828014,0.175109,0.014752,-0.703239,0.231050,0.283021,-0.225384,0.001427,0.499652,2.112403,-0.622551,-0.983178,0.438225,0.514659,0.894825,-0.648839,-0.222753,0.261800,-0.734505,0.905779,0.567044,0.561647,0.090642,-0.025751,0.318985,0.126210,0.115097,0.055708
-0.154786,-0.864726,0.209361,0.011105,-0.739826,0.241834,0.283157,-0.157104,-0.008150,0.470773,2.089762,-0.578071,-1.011425,0.483413,0.487837,0.937363,-0.663436,-0.221263,0.261800,-0.662553,0.904809,0.615618,0.594505,0.059632,-0.042599,0.347862,0.138322,0.129025,0.047104
-0.184575,-0.882184,0.254749,0.027551,-0.779250,0.256074,0.281203,-0.129126,-0.018688,0.464885,2.062771,-0.522457,-1.031481,0.504130,0.436111,0.980671,-0.673545,-0.210588,0.261800,-0.572669,0.893907,0.675732,0.617770,0.024133,-0.042201,0.382548,0.148611,0.145849,0.043689
-0.221057,-0.890015,0.305705,0.054045,-0.820093,0.272043,0.278202,-0.121299,-0.029708,0.470493,2.033604,-0.461276,-1.047442,0.512612,0.371933,1.024364,-0.681411,-0.195322,0.261800,-0.473819,0.878038,0.741616,0.636240,-0.013610,-0.033181,0.420139,0.157988,0.164120,0.042868
-0.264230,-0.869488,0.359421,0.094882,-0.832006,0.282700,0.293654,-0.177883,-0.043212,0.489478,1.993211,-0.365975,-1.052685,0.486819,0.334201,1.065739,-0.684434,-0.167940,0.261800,-0.338230,0.853541,0.821883,0.651542,-0.047247,-0.045311,0.470333,0.180712,0.183358,0.042228
-0.303739,-0.835015,0.405921,0.136194,-0.833024,0.290267,0.315801,-0.245766,-0.055336,0.508846,1.950461,-0.254753,-1.057470,0.452953,0.306688,1.102894,-0.687403,-0.141237,0.261800,-0.193470,0.827805,0.894163,0.671020,-0.063016,-0.065648,0.517610,0.210300,0.182659,0.047713
-0.335921,-0.772651,0.437991,0.178460,-0.812254,0.291654,0.351337,-0.336247,-0.064702,0.528981,1.902997,-0.111688,-1.061341,0.402940,0.299613,1.131606,-0.690267,-0.115895,0.261800,-0.030368,0.799593,0.950471,0.698846,-0.043051,-0.102400,0.559054,0.253615,0.142089,0.065448
-0.356453,-0.696933,0.452501,0.212724,-0.785096,0.288894,0.381112,-0.410300,-0.069870,0.545506,1.853565,0.041622,-1.070380,0.351576,0.303374,1.143919,-0.695553,-0.103009,0.261800,0.110580,0.779849,0.949406,0.729291,0.039103,-0.130389,0.555264,0.278469,0.028045,0.086731
-0.371161,-0.614538,0.458232,0.242989,-0.754744,0.284059,0.408007,-0.476139,-0.072939,0.560226,1.803150,0.200054,-1.082003,0.299537,0.312555,1.148031,-0.702052,-0.096353,0.261800,0.240451,0.764340,0.919654,0.761044,0.152352,-0.153995,0.528856,0.294091,-0.122735,0.109788
-0.379800,-0.543704,0.451716,0.254325,-0.729245,0.276360,0.422470,-0.504097,-0.068857,0.567043,1.751261,0.303777,-1.095727,0.264259,0.339927,1.131139,-0.710663,-0.101565,0.261800,0.291776,0.751852,0.869746,0.775094,0.256603,-0.170284,0.458853,0.297812,-0.269600,0.126480
-0.391868,-0.478546,0.441220,0.262378,-0.707502,0.267573,0.436347,-0.529707,-0.061335,0.572206,1.698865,0.403852,-1.115138,0.232367,0.371939,1.109080,-0.720512,-0.106771,0.261800,0.310918,0.742837,0.816961,0.785055,0.310894,-0.181067,0.419016,0.299418,-0.384703,0.143683
-0.410796,-0.424739,0.422764,0.263864,-0.693270,0.256606,0.449053,-0.550619,-0.046937,0.574058,1.645455,0.496634,-1.145926,0.207249,0.413231,1.076684,-0.732838,-0.111968,0.261800,0.265694,0.740769,0.758420,0.786837,0.265264,-0.180841,0.439511,0.296794,-0.436282,0.161907
-0.427313,-0.383420,0.406167,0.269300,-0.663760,0.261697,0.466927,-0.556105,-0.038393,0.579902,1.588789,0.518808,-1.197343,0.187107,0.437509,1.068325,-0.746238,-0.107628,0.261800,0.312074,0.770860,0.804744,0.801362,0.294702,-0.168174,0.487032,0.296469,-0.438094,0.181036
-0.442626,-0.348345,0.390500,0.276710,-0.626610,0.274816,0.487386,-0.553878,-0.032777,0.587740,1.530496,0.505679,-1.259075,0.169453,0.453279,1.071984,-0.760177,-0.098521,0.261800,0.404256,0.817032,0.903500,0.822259,0.361675,-0.149288,0.548068,0.297292,-0.415023,0.200618
-0.456884,-0.308425,0.369709,0.282746,-0.588997,0.266663,0.509029,-0.559374,-0.019636,0.594330,1.471649,0.514533,-1.305189,0.172476,0.459082,1.077038,-0.774005,-0.090009,0.261800,0.465041,0.836327,0.971924,0.828776,0.367101,-0.130427,0.620487,0.299537,-0.415745,0.217038
-0.469603,-0.271759,0.349601,0.288499,-0.548894,0.257497,0.529628,-0.561276,-0.006364,0.599957,1.409534,0.516497,-1.348996,0.172963,0.458058,1.081441,-0.787851,-0.082229,0.261800,0.513098,0.851923,1.026273,0.837364,0.372898,-0.110137,0.679644,0.302111,-0.414673,0.229783
-0.479247,-0.241602,0.330855,0.293688,-0.503813,0.246305,0.548143,-0.555992,0.007170,0.603657,1.340885,0.504683,-1.388189,0.168380,0.443381,1.084538,-0.801731,-0.075909,0.261800,0.535698,0.860121,1.052473,0.850098,0.379435,-0.086988,0.712277,0.305344,-0.410013,0.235176
-0.485777,-0.214058,0.314147,0.296290,-0.462647,0.235417,0.562910,-0.544592,0.020001,0.604602,1.259859,0.485453,-1.427945,0.159428,0.430093,1.090263,-0.815112,-0.070865,0.261800,0.555692,0.867505,1.063854,0.875070,0.391352,-0.049850,0.747591,0.311588,-0.405526,0.227071
-0.490752,-0.187819,0.298456,0.297599,-0.423438,0.224681,0.575804,-0.530135,0.032479,0.604171,1.172645,0.462516,-1.467982,0.148292,0.417500,1.097300,-0.828242,-0.066457,0.261800,0.574383,0.874483,1.067827,0.906162,0.405960,-0.005716,0.784246,0.319336,-0.401126,0.212216
-0.490213,-0.110188,0.276149,0.286414,-0.340149,0.206697,0.579445,-0.495394,0.050997,0.600344,1.054614,0.436724,-1.510979,0.124482,0.372977,1.108609,-0.839772,-0.061665,0.261800,0.585394,0.878642,1.062578,0.952179,0.435388,0.069056,0.820372,0.335552,-0.403168,0.181325
-0.488651,-0.030299,0.255114,0.270614,-0.257106,0.184355,0.583199,-0.454545,0.068839,0.595164,0.934852,0.404820,-1.554503,0.096908,0.316883,1.121074,-0.850871,-0.055546,0.261800,0.597252,0.883282,1.063360,0.999574,0.471044,0.146177,0.855317,0.355198,-0.409768,0.153755
-0.485040,0.054108,0.236620,0.245582,-0.174557,0.153294,0.587182,-0.401483,0.085325,0.587276,0.811626,0.360693,-1.599084,0.061810,0.237648,1.135853,-0.861111,-0.046776,0.261800,0.610808,0.888884,1.076207,1.049726,0.519160,0.227996,0.887901,0.381708,-0.425480,0.132828
-0.488363,0.128871,0.227242,0.229056,-0.120672,0.122288,0.591669,-0.372179,0.094616,0.588718,0.706959,0.320668,-1.643166,0.020199,0.174285,1.151847,-0.870615,-0.036472,0.261800,0.625991,0.894535,1.098197,1.090735,0.575779,0.279604,0.913424,0.413292,-0.450514,0.139112
-0.495153,0.198813,0.222421,0.216782,-0.081119,0.091309,0.596409,-0.354755,0.100309,0.594825,0.611571,0.282693,-1.686999,-0.024668,0.118859,1.168449,-0.879751,-0.025401,0.261800,0.641988,0.900209,1.124759,1.127174,0.636651,0.316107,0.935418,0.447414,-0.480207,0.159003
-0.515770,0.254924,0.230269,0.235329,-0.040180,0.072280,0.605150,-0.350986,0.094448,0.626863,0.534901,0.258204,-1.727887,-0.082477,0.111420,1.185133,-0.888366,-0.011836,0.229407,0.663248,0.906582,1.159230,1.143924,0.694949,0.277405,0.938081,0.472275,-0.513072,0.229941
-0.536346,0.303855,0.239493,0.255006,-0.007423,0.054210,0.614798,-0.355498,0.087267,0.658762,0.468200,0.240077,-1.766506,-0.134838,0.102018,1.200688,-0.897319,-0.000037,0.204855,0.686016,0.914401,1.196048,1.155786,0.747443,0.223252,0.932845,0.486415,-0.541710,0.308708
-0.556844,0.338429,0.251469,0.276947,0.008968,0.038060,0.626259,-0.376572,0.077450,0.690380,0.421437,0.234675,-1.800590,-0.176306,0.088690,1.213987,-0.906949,0.008228,0.195987,0.711800,0.925112,1.237564,1.157873,0.788325,0.138198,0.911812,0.479115,-0.561896,0.403135
-0.577638,0.358142,0.263411,0.300256,-0.000311,0.025284,0.636890,-0.431036,0.066833,0.718944,0.397425,0.238890,-1.831765,-0.207364,0.046954,1.223758,-0.918119,0.012187,0.186991,0.740416,0.942808,1.279114,1.156156,0.816771,0.060070,0.878541,0.452498,-0.569785,0.484231
-0.598582,0.370425,0.275335,0.324249,-0.022426,0.014197,0.647106,-0.502194,0.055818,0.745980,0.384789,0.247915,-1.861486,-0.233219,-0.008986,1.231766,-0.930058,0.013992,0.177931,0.770450,0.963996,1.320682,1.152538,0.838997,-0.014595,0.839152,0.416223,-0.571526,0.558663
-0.616098,0.373648,0.285243,0.351964,-0.056493,0.008690,0.662966,-0.568877,0.046603,0.769679,0.392720,0.259726,-1.893424,-0.256720,-0.086556,1.236343,-0.944114,0.016660,0.165635,0.810109,0.997538,1.353150,1.151550,0.850914,-0.054794,0.794447,0.373995,-0.562022,0.597608
-0.631635,0.374867,0.293918,0.378760,-0.088978,0.004350,0.679644,-0.626699,0.038669,0.792153,0.401991,0.272151,-1.926030,-0.275809,-0.162441,1.239924,-0.958463,0.019108,0.153884,0.850329,1.031930,1.381637,1.152542,0.861802,-0.087176,0.751542,0.334128,-0.552506,0.627733
-0.643216,0.372075,0.300124,0.403720,-0.118296,0.002346,0.697958,-0.666800,0.033301,0.812177,0.413942,0.285802,-1.959971,-0.286074,-0.234956,1.241513,-0.973400,0.021115,0.143223,0.891668,1.068020,1.402164,1.157491,0.870632,-0.103925,0.712239,0.298985,-0.542965,0.640216
-0.653533,0.369423,0.301885,0.425188,-0.138965,0.001017,0.715324,-0.691061,0.031152,0.830848,0.424434,0.294319,-1.993730,-0.299043,-0.300177,1.240743,-0.988049,0.024967,0.133004,0.921117,1.097326,1.413420,1.166288,0.879261,-0.116386,0.679294,0.268960,-0.537581,0.642475
-0.663219,0.366839,0.301422,0.444911,-0.155309,0.000026,0.732216,-0.707401,0.030613,0.848842,0.434198,0.300268,-2.027397,-0.313366,-0.361751,1.238794,-1.002555,0.029742,0.123007,0.944620,1.123239,1.420042,1.177009,0.887790,-0.126702,0.649528,0.241494,-0.534275,0.639621
-0.673753,0.363071,0.301133,0.462203,-0.165516,0.001632,0.742744,-0.706142,0.030931,0.864510,0.447345,0.306919,-2.062255,-0.325361,-0.410361,1.237430,-1.016206,0.032116,0.115854,0.969281,1.144238,1.421231,1.195350,0.891015,-0.138959,0.629748,0.220394,-0.532041,0.627475
-0.683370,0.358294,0.300465,0.478121,-0.176985,0.003137,0.751962,-0.704898,0.031439,0.879044,0.464668,0.314039,-2.096961,-0.334344,-0.453403,1.236534,-1.029406,0.033367,0.110682,0.993220,1.162143,1.421284,1.214450,0.891025,-0.152466,0.610403,0.201749,-0.528501,0.612877
-0.691153,0.351501,0.299042,0.491293,-0.190979,0.004444,0.758558,-0.703684,0.032328,0.891309,0.490343,0.322095,-2.131366,-0.337306,-0.485310,1.236576,-1.041704,0.032370,0.109469,1.015713,1.173861,1.419066,1.235067,0.884605,-0.168476,0.591928,0.188015,-0.522350,0.593374
-0.698120,0.349805,0.296555,0.499991,-0.200339,0.004737,0.761135,-0.703067,0.032510,0.900491,0.504005,0.332945,-2.158755,-0.340034,-0.494863,1.238011,-1.053137,0.030187,0.111367,1.037659,1.189465,1.415276,1.252500,0.869893,-0.185090,0.571518,0.180530,-0.513535,0.570133
-0.704679,0.350659,0.293536,0.506454,-0.207382,0.004525,0.761702,-0.702750,0.032340,0.908130,0.511660,0.345191,-2.182636,-0.342646,-0.493238,1.240143,-1.064139,0.027410,0.114821,1.059330,1.207013,1.410700,1.268339,0.851034,-0.202006,0.550141,0.176170,-0.503387,0.545023
-0.705934,0.358374,0.289887,0.512092,-0.207840,0.003989,0.761534,-0.705025,0.032438,0.913794,0.499014,0.360252,-2.210174,-0.337260,-0.486921,1.243561,-1.073841,0.024528,0.114880,1.074767,1.223754,1.404993,1.279053,0.824855,-0.214799,0.530438,0.181485,-0.497589,0.517157
-0.708347,0.365394,0.286876,0.517097,-0.208311,0.002889,0.761620,-0.707025,0.032141,0.918481,0.487729,0.374257,-2.230554,-0.333572,-0.480855,1.247109,-1.082808,0.022338,0.114941,1.087475,1.239292,1.399177,1.286149,0.799991,-0.225688,0.513561,0.187630,-0.494332,0.491608
-0.713075,0.371026,0.285144,0.520837,-0.208805,0.000662,0.762212,-0.708479,0.031056,0.921213,0.479166,0.386153,-2.236618,-0.333279,-0.475293,1.250918,-1.090307,0.021533,0.115009,1.094723,1.252423,1.393139,1.286009,0.777753,-0.232769,0.502336,0.195435,-0.496160,0.470692
