joint_0_vel,joint_1_vel,joint_2_vel,joint_3_vel,joint_4_vel,joint_5_vel,joint_6_vel,joint_7_vel,joint_8_vel,joint_9_vel,joint_10_vel,joint_11_vel,joint_12_vel,joint_13_vel,joint_14_vel,joint_15_vel,joint_16_vel,joint_17_vel,joint_18_vel,joint_19_vel,joint_20_vel,joint_21_vel,joint_22_vel,joint_23_vel,joint_24_vel,joint_25_vel,joint_26_vel,joint_27_vel,joint_28_vel
0.008310,-0.000390,-0.038040,0.003870,-0.001110,-0.013530,0.012000,-0.000120,0.003570,-0.010410,0.001830,-0.085920,-0.022860,-0.117450,-0.001020,0.006750,-0.001980,0.016020,0.000150,0.090000,-0.108000,0.110880,0.108060,0.048240,-0.773460,0.780060,-0.053490,-0.157080,0.135180
0.026640,0.002640,-0.025860,0.035200,-0.000950,-0.023250,0.013650,0.004280,-0.014540,0.042470,0.004780,-0.071690,-0.000430,-0.142310,0.003410,0.005680,-0.014160,0.011920,0.000780,0.129030,-0.107910,0.121280,0.086750,0.112350,-0.783660,0.857550,-0.067060,-0.195980,0.153940
0.063300,0.008700,-0.001500,0.097860,-0.000630,-0.042690,0.016950,0.013080,-0.050760,0.148230,0.010680,-0.043230,0.044430,-0.192030,0.012270,0.003540,-0.038520,0.003720,0.002040,0.207090,-0.107730,0.142080,0.044130,0.240570,-0.804060,1.012530,-0.094200,-0.273780,0.191460
0.072880,-0.017840,0.009020,0.099320,-0.008830,-0.040150,0.041810,0.026080,-0.042200,0.121110,0.043180,-0.019790,0.054770,-0.188270,-0.002010,-0.001120,-0.045640,-0.012380,0.005900,0.225410,-0.079310,0.106920,-0.003930,0.246750,-0.735020,0.928170,-0.143340,-0.267900,0.189760
0.077670,-0.031110,0.014280,0.100050,-0.012930,-0.038880,0.054240,0.032580,-0.037920,0.107550,0.059430,-0.008070,0.059940,-0.186390,-0.009150,-0.003450,-0.049200,-0.020430,0.007830,0.234570,-0.065100,0.089340,-0.027960,0.249840,-0.700500,0.885990,-0.167910,-0.264960,0.188910
0.074310,-0.043890,0.029100,0.125400,-0.034620,-0.023190,0.088470,0.025020,-0.025350,0.092370,0.098040,0.019950,0.021360,-0.149850,-0.020550,-0.005520,-0.039270,-0.035190,0.004590,0.195300,-0.038730,0.051930,-0.036240,0.019740,-0.584100,0.450180,-0.207600,-0.067290,0.125730
0.063610,-0.044870,0.038490,0.121790,-0.038270,-0.020090,0.088350,0.023640,-0.022790,0.077130,0.086190,0.007490,0.019320,-0.120800,-0.018310,-0.005160,-0.029560,-0.033420,0.009300,0.163560,-0.042800,0.061460,-0.033000,-0.072130,-0.547240,0.294290,-0.206560,0.018510,0.100640
0.042210,-0.046830,0.057270,0.114570,-0.045570,-0.013890,0.088110,0.020880,-0.017670,0.046650,0.062490,-0.017430,0.015240,-0.062700,-0.013830,-0.004440,-0.010140,-0.029880,0.018720,0.100080,-0.050940,0.080520,-0.026520,-0.255870,-0.473520,-0.017490,-0.204480,0.190110,0.050460
0.013670,-0.038930,0.060650,0.090910,-0.050450,-0.005850,0.064410,0.019960,-0.003030,0.019550,0.065870,-0.042670,-0.000900,-0.006380,-0.015670,-0.002320,-0.002640,-0.031480,0.019520,0.053400,-0.035220,0.063260,-0.013960,-0.376910,-0.403080,-0.222390,-0.182840,0.319030,0.014140
-0.000600,-0.034980,0.062340,0.079080,-0.052890,-0.001830,0.052560,0.019500,0.004290,0.006000,0.067560,-0.055290,-0.008970,0.021780,-0.016590,-0.001260,0.001110,-0.032280,0.019920,0.030060,-0.027360,0.054630,-0.007680,-0.437430,-0.367860,-0.324840,-0.172020,0.383490,-0.004020
-0.031890,-0.029370,0.072990,0.041640,-0.045330,-0.014880,0.017910,0.016920,0.030870,-0.039300,0.047340,-0.026400,0.016710,0.091200,-0.016200,0.000510,0.009960,-0.023400,0.020040,0.025980,-0.035130,0.015150,-0.024810,-0.548220,-0.308490,-0.462000,-0.129030,0.505680,0.000510
-0.039820,-0.030240,0.061920,0.034140,-0.045200,-0.012840,0.010290,0.012780,0.031610,-0.036480,0.052440,-0.010910,0.008510,0.094420,-0.021830,0.003680,0.014910,-0.022340,0.020160,0.006670,-0.005580,0.003930,-0.022140,-0.586900,-0.280590,-0.476900,-0.109510,0.525690,0.018110
-0.055680,-0.031980,0.039780,0.019140,-0.044940,-0.008760,-0.004950,0.004500,0.033090,-0.030840,0.062640,0.020070,-0.007890,0.100860,-0.033090,0.010020,0.024810,-0.020220,0.020400,-0.031950,0.053520,-0.018510,-0.016800,-0.664260,-0.224790,-0.506700,-0.070470,0.565710,0.053310
-0.051240,-0.015140,0.011840,0.000900,-0.038340,-0.007980,-0.012830,-0.011080,0.027370,-0.031120,0.077920,0.031870,-0.054470,0.090880,-0.037030,0.018980,0.040170,-0.018180,0.017400,-0.100850,0.127120,-0.024670,0.015820,-0.710320,-0.147850,-0.470400,-0.005510,0.541450,0.098530
-0.049020,-0.006720,-0.002130,-0.008220,-0.035040,-0.007590,-0.016770,-0.018870,0.024510,-0.031260,0.085560,0.037770,-0.077760,0.085890,-0.039000,0.023460,0.047850,-0.017160,0.015900,-0.135300,0.163920,-0.027750,0.032130,-0.733350,-0.109380,-0.452250,0.026970,0.529320,0.121140
-0.022230,-0.013560,-0.035670,-0.026700,-0.057690,-0.013290,-0.024840,-0.054120,0.029640,-0.015780,0.080130,0.067590,-0.102270,0.036600,-0.028470,0.020430,0.040350,-0.004950,0.017730,-0.176520,0.170100,-0.098640,0.045150,-0.598920,0.031650,-0.246090,0.164490,0.331650,0.179100
-0.019120,-0.007100,-0.041060,-0.030800,-0.058560,-0.020550,-0.028440,-0.056930,0.027920,-0.008250,0.096430,0.068030,-0.108880,0.035930,-0.031490,0.014670,0.034090,-0.000540,0.014860,-0.163620,0.145190,-0.125530,0.051280,-0.456360,0.085420,-0.138100,0.214590,0.208950,0.186620
-0.012900,0.005820,-0.051840,-0.039000,-0.060300,-0.035070,-0.035640,-0.062550,0.024480,0.006810,0.129030,0.068910,-0.122100,0.034590,-0.037530,0.003150,0.021570,0.008280,0.009120,-0.137820,0.095370,-0.179310,0.063540,-0.171240,0.192960,0.077880,0.314790,-0.036450,0.201660
-0.011540,0.005000,-0.059060,-0.056680,-0.063880,-0.044670,-0.054340,-0.063530,0.013340,-0.008630,0.155870,0.066110,-0.131400,0.031530,-0.044610,-0.000570,0.007370,0.010500,0.001000,-0.068200,0.034890,-0.262470,0.095920,0.232860,0.272240,0.265120,0.387950,-0.313830,0.199680
-0.010860,0.004590,-0.062670,-0.065520,-0.065670,-0.049470,-0.063690,-0.064020,0.007770,-0.016350,0.169290,0.064710,-0.136050,0.030000,-0.048150,-0.002430,0.000270,0.011610,-0.003060,-0.033390,0.004650,-0.304050,0.112110,0.434910,0.311880,0.358740,0.424530,-0.452520,0.198690
-0.021330,0.007350,-0.063450,-0.094050,-0.052740,-0.024600,-0.089850,-0.072720,0.009300,-0.035190,0.157680,-0.057600,-0.214740,0.084060,-0.063150,-0.032790,-0.016800,0.019530,-0.016980,-0.019350,-0.010860,-0.263730,0.243480,0.860250,0.377460,0.368790,0.465180,-0.681210,0.181860
-0.032490,0.008360,-0.052540,-0.101220,-0.039020,-0.022580,-0.098440,-0.052990,0.008220,-0.051360,0.147390,-0.046620,-0.193020,0.102950,-0.064630,-0.040580,-0.024280,0.018510,-0.024240,0.008800,-0.040620,-0.225360,0.238720,0.859790,0.353650,0.283660,0.461780,-0.641770,0.180370
-0.054810,0.010380,-0.030720,-0.115560,-0.011580,-0.018540,-0.115620,-0.013530,0.006060,-0.083700,0.126810,-0.024660,-0.149580,0.140730,-0.067590,-0.056160,-0.039240,0.016470,-0.038760,0.065100,-0.100140,-0.148620,0.229200,0.858870,0.306030,0.113400,0.454980,-0.562890,0.177390
-0.057970,-0.002740,0.013860,-0.107400,0.005580,0.011060,-0.117060,0.008730,-0.005740,-0.097280,0.042430,-0.001460,-0.106040,0.149610,-0.035770,-0.051760,-0.051800,0.007610,-0.025560,0.092100,-0.115760,-0.038720,0.193440,0.653150,0.208810,-0.059300,0.400360,-0.344490,0.149590
-0.059550,-0.009300,0.036150,-0.103320,0.014160,0.025860,-0.117780,0.019860,-0.011640,-0.104070,0.000240,0.010140,-0.084270,0.154050,-0.019860,-0.049560,-0.058080,0.003180,-0.018960,0.105600,-0.123570,0.016230,0.175560,0.550290,0.160200,-0.145650,0.373050,-0.235290,0.135690
-0.113640,0.002430,0.038370,-0.004650,-0.008790,0.012930,-0.093060,0.040560,-0.008280,0.111120,0.121770,0.007050,-0.019680,-0.002070,-0.133230,-0.031260,-0.043050,0.010500,-0.024210,0.081840,-0.149850,0.089400,0.034620,0.229470,0.021270,-0.151020,0.182010,-0.020940,0.005700
-0.094060,-0.006080,0.044780,0.000060,-0.004820,0.017600,-0.084190,0.044940,-0.005720,0.102170,0.084340,0.025420,-0.015010,-0.010630,-0.098180,-0.024500,-0.039380,0.005360,-0.020350,0.069040,-0.121910,0.062140,0.027690,0.178780,-0.011240,-0.082510,0.112550,-0.024150,-0.042580
-0.054900,-0.023100,0.057600,0.009480,0.003120,0.026940,-0.066450,0.053700,-0.000600,0.084270,0.009480,0.062160,-0.005670,-0.027750,-0.028080,-0.010980,-0.032040,-0.004920,-0.012630,0.043440,-0.066030,0.007620,0.013830,0.077400,-0.076260,0.054510,-0.026370,-0.030570,-0.139140
-0.030200,-0.015620,0.052460,0.012960,0.003220,0.019720,-0.039690,0.065540,-0.002100,0.047670,0.012420,0.117500,-0.007050,-0.032330,-0.024120,-0.000100,-0.029540,-0.009440,-0.015010,0.028200,-0.042190,0.024360,-0.006390,0.075480,-0.136320,0.188370,-0.147390,-0.090710,-0.234120
-0.017850,-0.011880,0.049890,0.014700,0.003270,0.016110,-0.026310,0.071460,-0.002850,0.029370,0.013890,0.145170,-0.007740,-0.034620,-0.022140,0.005340,-0.028290,-0.011700,-0.016200,0.020580,-0.030270,0.032730,-0.016500,0.074520,-0.166350,0.255300,-0.207900,-0.120780,-0.281610
-0.027840,-0.039510,0.050190,0.070530,0.001680,0.000690,-0.010860,0.103170,-0.000960,0.029100,0.006300,0.129270,0.004080,0.001110,0.002850,0.011340,-0.020730,-0.020250,-0.003420,0.017730,-0.011730,-0.017940,-0.046680,0.180090,-0.242010,0.370290,-0.347430,-0.209160,-0.382620
-0.025740,-0.049110,0.057890,0.083470,-0.000480,0.000740,0.003540,0.117630,-0.005620,0.014510,0.023810,0.135590,0.029040,0.023580,-0.002840,0.017390,-0.024290,-0.026860,-0.003330,0.040040,-0.008190,-0.006040,-0.051050,0.226080,-0.264980,0.389200,-0.364220,-0.229780,-0.392530
-0.021540,-0.068310,0.073290,0.109350,-0.004800,0.000840,0.032340,0.146550,-0.014940,-0.014670,0.058830,0.148230,0.078960,0.068520,-0.014220,0.029490,-0.031410,-0.040080,-0.003150,0.084660,-0.001110,0.017760,-0.059790,0.318060,-0.310920,0.427020,-0.397800,-0.271020,-0.412350
-0.020540,-0.072830,0.084150,0.114110,-0.000900,0.002260,0.041540,0.155750,-0.016960,-0.036010,0.049490,0.087870,0.076140,0.076380,-0.016580,0.022030,-0.015550,-0.037680,-0.003190,0.084700,0.003390,0.067740,-0.084190,0.381900,-0.366520,0.440480,-0.372800,-0.297500,-0.366390
-0.020040,-0.075090,0.089580,0.116490,0.001050,0.002970,0.046140,0.160350,-0.017970,-0.046680,0.044820,0.057690,0.074730,0.080310,-0.017760,0.018300,-0.007620,-0.036480,-0.003210,0.084720,0.005640,0.092730,-0.096390,0.413820,-0.394320,0.447210,-0.360300,-0.310740,-0.343410
-0.007260,-0.038940,0.057030,0.073230,0.005670,0.015870,0.040980,0.122340,-0.008790,-0.072210,0.018270,0.061380,0.050370,0.064560,-0.016020,0.016500,-0.001860,-0.022440,-0.006150,0.139890,-0.034170,0.102570,-0.086640,0.402720,-0.458580,0.416370,-0.254580,-0.322530,-0.199710
0.001150,-0.021510,0.035970,0.054150,0.002480,0.015630,0.039030,0.097730,-0.004660,-0.075700,0.012550,0.068640,0.024020,0.045330,-0.013710,0.011470,-0.000360,-0.015120,-0.004060,0.138880,-0.064220,0.089200,-0.070930,0.350800,-0.452770,0.384860,-0.206040,-0.312100,-0.147790
0.017970,0.013350,-0.006150,0.015990,-0.003900,0.015150,0.035130,0.048510,0.003600,-0.082680,0.001110,0.083160,-0.028680,0.006870,-0.009090,0.001410,0.002640,-0.000480,0.000120,0.136860,-0.124320,0.062460,-0.039510,0.246960,-0.441150,0.321840,-0.108960,-0.291240,-0.043950
0.028890,0.042250,-0.049350,-0.018450,-0.031720,0.012410,0.021850,-0.020970,0.014100,-0.062340,0.035830,0.103880,-0.099820,-0.050030,-0.019810,-0.005670,-0.000220,0.011440,0.006020,0.080040,-0.153060,0.006720,0.029510,0.059600,-0.360490,0.227820,0.008080,-0.239740,0.016410
0.034350,0.056700,-0.070950,-0.035670,-0.045630,0.011040,0.015210,-0.055710,0.019350,-0.052170,0.053190,0.114240,-0.135390,-0.078480,-0.025170,-0.009210,-0.001650,0.017400,0.008970,0.051630,-0.167430,-0.021150,0.064020,-0.034080,-0.320160,0.180810,0.066600,-0.213990,0.046590
0.047430,0.067950,-0.105210,-0.076230,-0.071160,-0.007260,-0.005700,-0.119940,0.031380,-0.019920,0.097560,0.213300,-0.189510,-0.139140,-0.015990,-0.014370,-0.009930,0.027300,0.021150,-0.004140,-0.208050,-0.144210,0.145650,-0.342990,-0.156210,0.064080,0.232500,-0.110220,0.045030
0.049810,0.070570,-0.103030,-0.082700,-0.075380,-0.004840,-0.011690,-0.137630,0.032390,-0.011400,0.095970,0.223320,-0.193100,-0.139330,-0.007210,-0.013440,-0.017540,0.026610,0.024590,-0.031660,-0.189320,-0.171560,0.158860,-0.430870,-0.088230,0.052090,0.264570,-0.068330,0.017510
0.054570,0.075810,-0.098670,-0.095640,-0.083820,0.000000,-0.023670,-0.173010,0.034410,0.005640,0.092790,0.243360,-0.200280,-0.139710,0.010350,-0.011580,-0.032760,0.025230,0.031470,-0.086700,-0.151860,-0.226260,0.185280,-0.606630,0.047730,0.028110,0.328710,0.015450,-0.037530
0.048970,0.062110,-0.083770,-0.091300,-0.083680,0.000900,-0.026950,-0.180390,0.026630,0.018760,0.096290,0.216360,-0.188060,-0.126050,0.011470,0.001060,-0.056500,0.017230,0.035430,-0.132980,-0.027300,-0.178660,0.190060,-0.728270,0.219250,0.051010,0.328570,0.103330,-0.108870
0.046170,0.055260,-0.076320,-0.089130,-0.083610,0.001350,-0.028590,-0.184080,0.022740,0.025320,0.098040,0.202860,-0.181950,-0.119220,0.012030,0.007380,-0.068370,0.013230,0.037410,-0.156120,0.034980,-0.154860,0.192450,-0.789090,0.305010,0.062460,0.328500,0.147270,-0.144540
0.018960,0.027090,-0.041310,-0.005550,-0.077670,-0.008580,0.005100,-0.154260,-0.003240,0.086520,0.124350,0.124050,-0.093900,-0.108540,-0.001290,0.013050,-0.094500,-0.000870,0.032310,-0.131340,0.196770,-0.016860,0.112620,-0.878610,0.523320,0.111810,0.268200,0.251160,-0.196140
0.024750,0.017150,-0.025810,0.007740,-0.069190,-0.001890,0.014350,-0.143340,-0.012570,0.092610,0.104670,0.093250,-0.061900,-0.102480,0.004730,0.015530,-0.099910,-0.003620,0.033350,-0.113080,0.213440,0.015110,0.078710,-0.854190,0.524060,0.125800,0.246060,0.257600,-0.180210
0.036330,-0.002730,0.005190,0.034320,-0.052230,0.011490,0.032850,-0.121500,-0.031230,0.104790,0.065310,0.031650,0.002100,-0.090360,0.016770,0.020490,-0.110730,-0.009120,0.035430,-0.076560,0.246780,0.079050,0.010890,-0.805350,0.525540,0.153780,0.201780,0.270480,-0.148350
0.035670,-0.013010,0.030530,0.051920,-0.025450,0.010670,0.043050,-0.052320,-0.036010,0.050990,0.054350,-0.041470,0.037160,-0.084940,0.004170,0.019030,-0.105390,-0.022260,0.018030,-0.033660,0.168260,0.095890,-0.044890,-0.601670,0.333240,0.173080,0.149400,0.196540,-0.059130
0.035340,-0.018150,0.043200,0.060720,-0.012060,0.010260,0.048150,-0.017730,-0.038400,0.024090,0.048870,-0.078030,0.054690,-0.082230,-0.002130,0.018300,-0.102720,-0.028830,0.009330,-0.012210,0.129000,0.104310,-0.072780,-0.499830,0.237090,0.182730,0.123210,0.159570,-0.014520
0.020190,-0.000630,0.030960,0.083910,-0.001050,-0.013710,0.042810,-0.001350,0.010770,0.016800,0.000810,-0.195720,0.055290,-0.011730,-0.000300,-0.013170,-0.056520,-0.005310,0.000210,0.006990,-0.092010,0.053940,-0.122850,-0.052350,-0.139380,0.212520,0.019740,-0.008460,0.141900
0.016960,-0.006210,0.033590,0.081700,0.003300,-0.014180,0.041340,0.003300,0.004670,0.013390,0.005150,-0.192760,0.053580,-0.016330,-0.001720,-0.016840,-0.042960,-0.008450,0.001190,0.019110,-0.129890,0.054170,-0.102720,0.024200,-0.186330,0.225450,0.005680,-0.023010,0.158150
0.010500,-0.017370,0.038850,0.077280,0.012000,-0.015120,0.038400,0.012600,-0.007530,0.006570,0.013830,-0.186840,0.050160,-0.025530,-0.004560,-0.024180,-0.015840,-0.014730,0.003150,0.043350,-0.205650,0.054630,-0.062460,0.177300,-0.280230,0.251310,-0.022440,-0.052110,0.190650
-0.002460,-0.007590,0.028770,0.039500,0.019600,-0.036080,0.014600,0.012740,-0.002290,-0.029350,0.001550,-0.185960,0.081580,0.023750,-0.008620,-0.045620,-0.008140,-0.021370,-0.002710,0.064190,-0.262730,0.031190,-0.065000,0.190780,-0.250170,0.240010,-0.017340,-0.056130,0.160950
-0.008940,-0.002700,0.023730,0.020610,0.023400,-0.046560,0.002700,0.012810,0.000330,-0.047310,-0.004590,-0.185520,0.097290,0.048390,-0.010650,-0.056340,-0.004290,-0.024690,-0.005640,0.074610,-0.291270,0.019470,-0.066270,0.197520,-0.235140,0.234360,-0.014790,-0.058140,0.146100
-0.021300,0.016320,0.005550,0.012360,0.017880,-0.048420,-0.010350,-0.020130,0.012270,-0.051990,-0.019530,-0.151530,0.040620,0.062220,-0.005790,-0.085950,0.010050,-0.002310,-0.002100,0.088350,-0.203670,0.028560,-0.034470,0.014850,-0.016560,0.111420,0.041130,-0.036600,0.022470
-0.022510,0.020940,0.001060,0.009450,0.007110,-0.039820,-0.015180,-0.038670,0.006470,-0.040460,-0.005120,-0.118360,0.022990,0.051030,-0.014510,-0.082980,0.008380,0.004290,-0.005050,0.076400,-0.140080,0.029620,-0.000770,-0.090650,0.056740,0.070150,0.061420,-0.015590,-0.007100
-0.024930,0.030180,-0.007920,0.003630,-0.014430,-0.022620,-0.024840,-0.075750,-0.005130,-0.017400,0.023700,-0.052020,-0.012270,0.028650,-0.031950,-0.077040,0.005040,0.017490,-0.010950,0.052500,-0.012900,0.031740,0.066630,-0.301650,0.203340,-0.012390,0.102000,0.026430,-0.066240
-0.017390,0.022240,-0.005020,0.022930,-0.031950,-0.015900,-0.010560,-0.082570,-0.001530,0.041200,0.062220,-0.001380,-0.054770,0.008250,-0.031650,-0.069620,0.006060,0.020610,0.000870,0.015140,0.083760,0.007880,0.061570,-0.494570,0.276220,-0.014270,0.104180,0.048170,-0.055860
-0.013620,0.018270,-0.003570,0.032580,-0.040710,-0.012540,-0.003420,-0.085980,0.000270,0.070500,0.081480,0.023940,-0.076020,-0.001950,-0.031500,-0.065910,0.006570,0.022170,0.006780,-0.003540,0.132090,-0.004050,0.059040,-0.591030,0.312660,-0.015210,0.105270,0.059040,-0.050670
-0.016050,-0.012270,0.025500,0.053250,-0.039510,-0.004290,0.019950,-0.048120,-0.001200,0.038160,0.081990,0.052620,-0.085200,0.035250,-0.022800,-0.044520,0.010050,0.011340,0.016620,-0.051780,0.231540,0.023190,0.016740,-0.631650,0.302430,0.140580,0.066030,-0.001290,0.029970
-0.020240,-0.019620,0.037160,0.054070,-0.036440,-0.006280,0.020290,-0.032150,0.001850,0.030500,0.081770,0.046550,-0.072090,0.050640,-0.021310,-0.035540,0.011350,0.007280,0.011980,-0.056850,0.240830,0.026590,0.006200,-0.531960,0.266580,0.211370,0.043500,-0.059610,0.055390
-0.028620,-0.034320,0.060480,0.055710,-0.030300,-0.010260,0.020970,-0.000210,0.007950,0.015180,0.081330,0.034410,-0.045870,0.081420,-0.018330,-0.017580,0.013950,-0.000840,0.002700,-0.066990,0.259410,0.033390,-0.014880,-0.332580,0.194880,0.352950,-0.001560,-0.176250,0.106230
-0.031460,-0.024140,0.047980,0.032590,-0.017120,-0.032700,0.010470,0.015550,0.006130,-0.000620,0.066130,0.004770,-0.025090,0.095440,-0.015250,-0.010380,0.014770,-0.005580,0.004800,-0.055390,0.238030,0.041690,-0.042360,-0.031860,0.081000,0.455730,-0.048020,-0.308890,0.105990
-0.032880,-0.019050,0.041730,0.021030,-0.010530,-0.043920,0.005220,0.023430,0.005220,-0.008520,0.058530,-0.010050,-0.014700,0.102450,-0.013710,-0.006780,0.015180,-0.007950,0.005850,-0.049590,0.227340,0.045840,-0.056100,0.118500,0.024060,0.507120,-0.071250,-0.375210,0.105870
-0.032220,-0.012390,0.037110,-0.027570,-0.019560,-0.019260,-0.025350,-0.004950,0.017040,-0.039360,0.051360,-0.042660,-0.053580,0.091320,-0.030420,-0.005820,0.021870,-0.013140,-0.008310,-0.043440,0.178980,0.034200,-0.013470,0.411150,-0.157080,0.559440,-0.124710,-0.470100,0.034800
-0.028990,-0.003280,0.027310,-0.038330,-0.019390,-0.026570,-0.036820,-0.020850,0.023620,-0.035360,0.042240,-0.037120,-0.040890,0.085440,-0.026810,-0.005460,0.016460,-0.016910,-0.007100,-0.029770,0.122480,0.030780,-0.032050,0.413580,-0.209390,0.551730,-0.137750,-0.459060,0.017900
-0.022530,0.014940,0.007710,-0.059850,-0.019050,-0.041190,-0.059760,-0.052650,0.036780,-0.027360,0.024000,-0.026040,-0.015510,0.073680,-0.019590,-0.004740,0.005640,-0.024450,-0.004680,-0.002430,0.009480,0.023940,-0.069210,0.418440,-0.314010,0.536310,-0.163830,-0.436980,-0.015900
-0.018870,0.010800,0.006410,-0.058250,-0.001310,-0.024130,-0.070280,-0.041270,0.028920,-0.023040,0.001040,-0.007540,-0.010190,0.050720,-0.018030,-0.021940,0.017540,-0.028290,-0.001180,-0.000410,-0.044660,0.044340,-0.040110,0.279180,-0.380810,0.538470,-0.162470,-0.319320,0.004360
-0.017040,0.008730,0.005760,-0.057450,0.007560,-0.015600,-0.075540,-0.035580,0.024990,-0.020880,-0.010440,0.001710,-0.007530,0.039240,-0.017250,-0.030540,0.023490,-0.030210,0.000570,0.000600,-0.071730,0.054540,-0.025560,0.209550,-0.414210,0.539550,-0.161790,-0.260490,0.014490
-0.028950,-0.018990,0.001830,-0.034950,0.028380,0.012570,-0.086940,-0.009780,0.032910,0.006300,-0.027720,0.012780,0.042930,0.027900,-0.010470,-0.040110,0.029130,-0.030090,0.002340,-0.000990,-0.158250,0.052650,-0.084810,-0.034170,-0.485160,0.595470,-0.155640,-0.089970,0.134550
-0.025530,-0.025430,0.004200,-0.027990,0.037190,0.014620,-0.073960,0.004500,0.035040,0.001910,-0.033940,-0.021080,0.041940,0.025900,-0.012620,-0.043200,0.037680,-0.024990,0.002670,-0.015150,-0.149270,0.042360,-0.100520,-0.091940,-0.492850,0.623700,-0.144050,-0.042760,0.165300
-0.018690,-0.038310,0.008940,-0.014070,0.054810,0.018720,-0.048000,0.033060,0.039300,-0.006870,-0.046380,-0.088800,0.039960,0.021900,-0.016920,-0.049380,0.054780,-0.014790,0.003330,-0.043470,-0.131310,0.021780,-0.131940,-0.207480,-0.508230,0.680160,-0.120870,0.051660,0.226800
-0.016590,-0.046110,0.036360,-0.016170,0.059150,0.025220,-0.063400,0.067420,0.049040,-0.060830,-0.082160,-0.173580,0.007000,0.064620,0.015580,-0.039260,0.068940,-0.013270,0.000550,-0.071790,-0.070930,0.021740,-0.126700,-0.195380,-0.402370,0.664680,-0.046810,0.105060,0.209840
-0.015540,-0.050010,0.050070,-0.017220,0.061320,0.028470,-0.071100,0.084600,0.053910,-0.087810,-0.100050,-0.215970,-0.009480,0.085980,0.031830,-0.034200,0.076020,-0.012510,-0.000840,-0.085950,-0.040740,0.021720,-0.124080,-0.189330,-0.349440,0.656940,-0.009780,0.131760,0.201360
0.040860,-0.009450,0.031860,-0.045750,0.116160,-0.007800,-0.047190,0.062850,0.011850,-0.239310,-0.242760,-0.325650,-0.058050,0.181830,0.144060,-0.013860,0.087930,0.012180,-0.000090,-0.112650,0.010260,-0.047610,-0.093600,-0.063630,0.075480,0.498210,0.237570,0.244590,0.081720
0.056620,0.008380,0.059960,-0.057340,0.117940,0.013000,-0.045800,0.049490,0.017830,-0.272850,-0.268010,-0.321980,-0.074450,0.206600,0.165840,0.003010,0.087370,0.017750,0.001030,-0.126650,0.062710,-0.057200,-0.080160,-0.062520,0.253110,0.430580,0.318060,0.286200,0.051880
0.088140,0.044040,0.116160,-0.080520,0.121500,0.054600,-0.043020,0.022770,0.029790,-0.339930,-0.318510,-0.314640,-0.107250,0.256140,0.209400,0.036750,0.086250,0.028890,0.003270,-0.154650,0.167610,-0.076380,-0.053280,-0.060300,0.608370,0.295320,0.479040,0.369420,-0.007800
0.073580,0.040880,0.146820,-0.093960,0.068620,0.067440,-0.081000,-0.006890,-0.000290,-0.299390,-0.226130,-0.164680,-0.097710,0.259340,0.168660,0.070410,0.072830,0.020110,0.014450,-0.152630,0.198670,-0.077740,-0.033720,-0.056440,0.977650,0.174360,0.598360,0.316440,-0.033840
0.066300,0.039300,0.162150,-0.100680,0.042180,0.073860,-0.099990,-0.021720,-0.015330,-0.279120,-0.179940,-0.089700,-0.092940,0.260940,0.148290,0.087240,0.066120,0.015720,0.020040,-0.151620,0.214200,-0.078420,-0.023940,-0.054510,1.162290,0.113880,0.658020,0.289950,-0.046860
0.019950,0.014220,0.253230,-0.188400,-0.038700,0.108900,-0.277980,-0.055140,-0.056160,-0.236400,-0.043230,0.111720,-0.056430,0.312960,0.080610,0.151770,0.033960,-0.055530,0.033270,-0.123270,0.268830,-0.133500,0.004770,0.205920,1.686360,0.103500,0.737700,-0.097050,-0.052620
0.004170,0.010440,0.253760,-0.262410,-0.048760,0.092310,-0.391980,-0.059940,-0.061000,-0.262890,-0.053620,0.151430,-0.022040,0.367030,0.074250,0.161160,0.025180,-0.103310,0.035250,-0.085210,0.276500,-0.154770,0.010520,0.378740,1.841170,0.152850,0.721940,-0.278700,-0.087060
-0.027390,0.002880,0.254820,-0.410430,-0.068880,0.059130,-0.619980,-0.069540,-0.070680,-0.315870,-0.074400,0.230850,0.046740,0.475170,0.061530,0.179940,0.007620,-0.198870,0.039210,-0.009090,0.291840,-0.197310,0.022020,0.724380,2.150790,0.251550,0.690420,-0.642000,-0.155940
-0.112150,-0.030140,0.285800,-0.582550,-0.138900,0.020510,-0.908420,-0.052720,-0.060060,-0.269350,0.069760,0.256470,0.144200,0.529550,-0.051930,0.174160,0.001500,-0.321430,0.035950,0.098770,0.344100,-0.243150,0.056240,1.108460,2.447850,0.372210,0.572260,-0.947720,-0.378400
-0.154530,-0.046650,0.301290,-0.668610,-0.173910,0.001200,-1.052640,-0.044310,-0.054750,-0.246090,0.141840,0.269280,0.192930,0.556740,-0.108660,0.171270,-0.001560,-0.382710,0.034320,0.152700,0.370230,-0.266070,0.073350,1.300500,2.596380,0.432540,0.513180,-1.100580,-0.489630
-0.177720,-0.045870,0.304140,-0.853440,-0.258270,-0.087030,-1.286490,-0.021690,-0.019620,-0.221790,0.252510,0.317310,0.310230,0.544020,-0.195660,0.134970,0.005490,-0.525300,0.025830,0.314940,0.558450,-0.291810,0.174990,1.692420,3.095220,0.556680,0.247530,-1.371000,-1.043580
-0.157080,-0.036530,0.293680,-0.844290,-0.293190,-0.111590,-1.237280,-0.022650,0.001730,-0.193620,0.290200,0.353120,0.315680,0.483800,-0.198640,0.120520,0.007340,-0.525380,0.023140,0.355830,0.651920,-0.286500,0.221570,1.699980,3.229090,0.577710,0.154110,-1.385410,-1.233530
-0.115800,-0.017850,0.272760,-0.825990,-0.363030,-0.160710,-1.138860,-0.024570,0.044430,-0.137280,0.365580,0.424740,0.326580,0.363360,-0.204600,0.091620,0.011040,-0.525540,0.017760,0.437610,0.838860,-0.275880,0.314730,1.715100,3.496830,0.619770,-0.032730,-1.414230,-1.613430
-0.127880,-0.048490,0.225700,-0.663110,-0.523850,-0.199510,-0.833040,-0.033250,0.098290,0.083100,0.668020,0.504500,0.262780,0.110380,-0.278780,0.064980,0.000420,-0.427620,0.018700,0.494110,1.007360,-0.239420,0.405330,1.426400,3.456590,0.615050,-0.161590,-1.241450,-1.807910
-0.133920,-0.063810,0.202170,-0.581670,-0.604260,-0.218910,-0.680130,-0.037590,0.125220,0.193290,0.819240,0.544380,0.230880,-0.016110,-0.315870,0.051660,-0.004890,-0.378660,0.019170,0.522360,1.091610,-0.221190,0.450630,1.282050,3.436470,0.612690,-0.226020,-1.155060,-1.905150
-0.215700,-0.175800,0.116160,-0.274230,-0.944970,-0.267600,-0.135090,-0.034020,0.206610,0.617400,1.482330,0.595830,0.076650,-0.426390,-0.470850,0.012180,-0.045360,-0.197700,0.031260,0.600330,1.156710,-0.105900,0.551370,0.411510,2.736330,0.487380,-0.232470,-0.489750,-1.767780
-0.222670,-0.215340,0.085490,-0.195970,-1.055860,-0.281310,0.011600,-0.019420,0.221560,0.690720,1.656580,0.591900,0.042740,-0.503030,-0.475470,-0.002630,-0.063430,-0.165330,0.039550,0.637880,1.088300,-0.017250,0.563410,0.017770,2.377440,0.385770,-0.182860,-0.136280,-1.608630
-0.236610,-0.294420,0.024150,-0.039450,-1.277640,-0.308730,0.304980,0.009780,0.251460,0.837360,2.005080,0.584040,-0.025080,-0.656310,-0.484710,-0.032250,-0.099570,-0.100590,0.056130,0.712980,0.951480,0.160050,0.587490,-0.769710,1.659660,0.182550,-0.083640,0.570660,-1.290330
-0.222570,-0.407940,-0.017290,0.064590,-1.482280,-0.322130,0.495620,0.083840,0.241940,0.857040,2.245820,0.594140,0.017400,-0.679450,-0.400370,-0.059910,-0.142330,-0.103370,0.086890,0.825000,0.719680,0.411270,0.534630,-1.609010,0.989600,-0.166490,0.001040,1.367180,-0.862330
-0.215550,-0.464700,-0.038010,0.116610,-1.584600,-0.328830,0.590940,0.120870,0.237180,0.866880,2.366190,0.599190,0.038640,-0.691020,-0.358200,-0.073740,-0.163710,-0.104760,0.102270,0.881010,0.603780,0.536880,0.508200,-2.028660,0.654570,-0.341010,0.043380,1.765440,-0.648330
-0.177720,-0.758880,-0.137700,0.247470,-1.799190,-0.301590,0.761250,0.313380,0.232410,0.791550,2.530740,0.747180,0.230040,-0.614730,-0.134520,-0.098910,-0.249360,-0.151710,0.149670,1.086390,0.315930,0.933750,0.286380,-3.032670,-0.015510,-1.069080,0.066270,2.596830,0.064440
-0.172580,-0.905290,-0.217900,0.299460,-1.807480,-0.277700,0.782180,0.399570,0.224520,0.790050,2.528090,0.842970,0.217510,-0.611690,-0.070770,-0.104720,-0.285550,-0.163960,0.147480,1.135000,0.198870,0.977360,0.192220,-3.175600,-0.083980,-1.332910,0.111130,2.616560,0.276430
-0.162300,-1.198110,-0.378300,0.403440,-1.824060,-0.229920,0.824040,0.571950,0.208740,0.787050,2.522790,1.034550,0.192450,-0.605610,0.056730,-0.116340,-0.357930,-0.188460,0.143100,1.232220,-0.035250,1.064580,0.003900,-3.461460,-0.220920,-1.860570,0.200850,2.656020,0.700410
-0.134100,-1.284950,-0.445880,0.532900,-1.535700,-0.303660,0.802760,0.691410,0.085280,0.826970,2.368990,1.170350,1.123830,-0.673210,0.385590,-0.021820,-0.505690,-0.178300,-0.029640,1.444580,1.450550,1.465440,-0.688240,-3.332220,0.043960,-1.875670,0.616570,2.297800,0.820510
-0.120000,-1.328370,-0.479670,0.597630,-1.391520,-0.340530,0.792120,0.751140,0.023550,0.846930,2.292090,1.238250,1.589520,-0.707010,0.550020,0.025440,-0.579570,-0.173220,-0.116010,1.550760,2.193450,1.665870,-1.034310,-3.267600,0.176400,-1.883220,0.824430,2.118690,0.880560
-0.052380,-2.392560,-0.959400,0.847260,-1.462020,-0.042930,0.722370,1.093830,-0.284910,0.901530,1.900860,1.394340,1.668570,-0.786300,-0.007470,0.138750,-0.910440,-0.052020,0.147060,2.106690,1.412400,1.656000,-0.154260,-2.900880,1.638630,-4.270320,2.110560,1.614030,-0.013860
0.035370,-2.355260,-1.287890,0.868750,-1.277110,-0.004080,0.839150,1.018690,-0.333380,0.919060,1.542620,1.571800,1.925240,-0.774090,-0.041110,0.156120,-1.097060,0.011680,0.076030,2.174870,1.250310,1.398470,0.206070,-2.957470,2.145020,-4.707250,2.178450,1.338330,-0.260920
0.210870,-2.280660,-1.944870,0.911730,-0.907290,0.073620,1.072710,0.868410,-0.430320,0.954120,0.826140,1.926720,2.438580,-0.749670,-0.108390,0.190860,-1.470300,0.139080,-0.066030,2.311230,0.926130,0.883410,0.926730,-3.070650,3.157800,-5.581110,2.314230,0.786930,-0.755040
0.093770,-2.932940,-2.859490,1.058730,-1.110390,-0.251800,0.501870,1.296430,0.005760,1.015780,1.252480,-0.046920,2.457120,-0.624370,0.729590,-0.071860,-1.748000,0.243780,0.111410,1.564750,0.696530,-0.258070,0.768310,-2.255350,3.429460,-3.434150,2.041250,1.734950,0.342220
0.035220,-3.259080,-3.316800,1.132230,-1.211940,-0.414510,0.216450,1.510440,0.223800,1.046610,1.465650,-1.033740,2.466390,-0.561720,1.148580,-0.203220,-1.886850,0.296130,0.200130,1.191510,0.581730,-0.828810,0.689100,-1.847700,3.565290,-2.360670,1.904760,2.208960,0.890850
-0.209970,-4.614210,-3.291960,1.898550,0.170160,-0.620490,-0.815370,2.783610,1.794120,1.380510,0.780570,-6.596970,2.728500,-0.633810,2.467770,-1.113210,-1.158900,0.334110,0.395430,-2.804670,-0.290070,-4.115970,-2.974440,-2.361750,3.273480,-1.002990,-0.214230,4.770750,1.203180
-0.206640,-4.278960,-3.011270,1.719960,0.538520,-0.470380,-0.989480,2.714860,1.698530,1.279690,0.355670,-6.108860,2.552720,-0.499710,2.508240,-1.340000,-0.942060,0.393080,0.353970,-3.718430,-0.492990,-4.247780,-2.923680,-1.979130,1.825970,-1.248140,-0.811570,3.870340,0.446150
-0.199980,-3.608460,-2.449890,1.362780,1.275240,-0.170160,-1.337700,2.577360,1.507350,1.078050,-0.494130,-5.132640,2.201160,-0.231510,2.589180,-1.793580,-0.508380,0.511020,0.271050,-5.545950,-0.898830,-4.511400,-2.822160,-1.213890,-1.069050,-1.738440,-2.006250,2.069520,-1.067910
0.216660,-2.813160,-2.090690,0.614660,1.154520,-0.005200,-1.285660,2.620860,0.844190,1.016250,-2.401050,-3.706540,2.080820,0.099870,3.041600,-1.861100,-0.404780,0.534260,0.339190,-5.440770,-1.851430,-3.606300,-1.299520,-0.502870,-0.782030,-0.796040,-1.894010,0.203560,-2.690810
0.424980,-2.415510,-1.911090,0.240600,1.094160,0.077280,-1.259640,2.642610,0.512610,0.985350,-3.354510,-2.993490,2.020650,0.265560,3.267810,-1.894860,-0.352980,0.545880,0.373260,-5.388180,-2.327730,-3.153750,-0.538200,-0.147360,-0.638520,-0.324840,-1.837890,-0.729420,-3.502260
1.539630,-1.614210,-1.596030,-0.730110,1.587000,0.104700,-1.123920,3.243000,0.031770,0.481290,-4.645530,-2.749140,2.456220,0.631320,6.367440,-2.060880,-0.182670,0.668940,1.062720,-4.312620,-3.772890,-2.216160,-0.132270,-0.000600,2.171100,2.013270,-1.062000,-2.344950,-3.792390
1.935490,-1.224540,-1.162760,-0.827790,2.030180,0.148240,-0.961890,3.363350,-0.034570,0.157680,-5.499370,-2.469490,2.656600,0.806230,7.435460,-2.069430,-0.081710,0.728610,1.250720,-3.952090,-3.561570,-2.058910,-0.720030,-0.170220,1.830240,1.941680,-1.130390,-2.299970,-2.685920
2.727210,-0.445200,-0.296220,-1.023150,2.916540,0.235320,-0.637830,3.604050,-0.167250,-0.489540,-7.207050,-1.910190,3.057360,1.156050,9.571500,-2.086530,0.120210,0.847950,1.626720,-3.231030,-3.138930,-1.744410,-1.895550,-0.509460,1.148520,1.798500,-1.267170,-2.210010,-0.472980
3.099390,-0.267300,0.441640,-1.026170,3.206020,0.227640,-0.191750,2.785130,-0.646510,-0.955340,-6.619690,-0.399950,4.380160,1.754510,8.340700,-1.598030,0.024630,0.781950,1.285740,-2.794570,-2.492630,-1.032970,-2.379910,-1.017200,-0.345420,-0.149060,-2.024530,-0.892830,1.457040
3.285480,-0.178350,0.810570,-1.027680,3.350760,0.223800,0.031290,2.375670,-0.886140,-1.188240,-6.326010,0.355170,5.041560,2.053740,7.725300,-1.353780,-0.023160,0.748950,1.115250,-2.576340,-2.169480,-0.677250,-2.622090,-1.271070,-1.092390,-1.122840,-2.403210,-0.234240,2.422050
3.259920,-1.368900,0.574710,-1.739070,2.495220,-0.083010,0.244500,-1.035090,-1.329150,-1.492320,1.548000,2.672610,7.461930,2.921400,0.935430,-0.555810,-0.322170,0.324390,0.000000,-1.566540,-3.075150,-0.691590,-2.457810,-1.132920,-0.452430,-3.383460,-2.949300,1.708320,1.860090
3.142270,-1.253440,0.530270,-1.812110,2.335540,0.093000,0.369280,-1.754660,-1.126540,-1.669550,2.829050,2.845580,6.598930,2.964820,0.267550,-0.643040,-0.234390,0.053060,0.000000,-0.669680,-2.915140,-1.362350,-2.809680,-0.856990,0.006420,-3.086300,-2.581960,1.831310,1.594890
2.906970,-1.022520,0.441390,-1.958190,2.016180,0.445020,0.618840,-3.193800,-0.721320,-2.024010,5.391150,3.191520,4.872930,3.051660,-1.068210,-0.817500,-0.058830,-0.489600,0.000000,1.124040,-2.595120,-2.703870,-3.513420,-0.305130,0.924120,-2.491980,-1.847280,2.077290,1.064490
2.904710,-1.771020,0.085010,-2.427430,0.529540,0.387060,1.343540,-2.143080,-0.024580,-2.906290,9.433710,1.519800,0.778690,2.844120,-1.331890,-1.489460,0.210170,-0.990420,0.000000,2.347200,-0.457840,-2.839230,-3.694040,-0.243190,1.616460,-1.016960,-1.277920,1.123110,1.563290
2.903580,-2.145270,-0.093180,-2.662050,-0.213780,0.358080,1.705890,-1.617720,0.323790,-3.347430,11.454990,0.683940,-1.268430,2.740350,-1.463730,-1.825440,0.344670,-1.240830,0.000000,2.958780,0.610800,-2.906910,-3.784350,-0.212220,1.962630,-0.279450,-0.993240,0.646020,1.812690
0.235590,-2.788860,-0.489240,-3.316770,-2.459520,0.577560,0.970050,0.471150,0.512220,-3.779400,11.622150,-2.124780,-5.143980,3.297630,2.161560,-2.623170,0.702690,-2.000310,0.000000,1.478640,3.260430,-1.335030,-2.366850,-0.064320,4.143390,-0.190260,-0.648660,0.696720,2.641740
0.110180,-2.643350,-0.589780,-3.037710,-2.711210,0.544880,0.559640,0.763810,0.603400,-3.981090,10.428750,-1.556350,-5.309540,3.502250,1.564500,-2.645040,0.824500,-2.194350,0.000000,0.060810,3.526710,-1.474990,-2.061000,-0.290710,5.040780,0.547960,-0.362180,0.301580,3.091770
-0.140640,-2.352330,-0.790860,-2.479590,-3.214590,0.479520,-0.261180,1.349130,0.785760,-4.384470,8.041950,-0.419490,-5.640660,3.911490,0.370380,-2.688780,1.068120,-2.582430,0.000000,-2.774850,4.059270,-1.754910,-1.449300,-0.743490,6.835560,2.024400,0.210780,-0.488700,3.991830
-0.958800,-2.743970,-0.031900,-0.073370,-1.884590,0.763660,0.329000,1.773030,0.217340,-2.227550,5.347290,-2.328010,-4.258940,2.454270,0.123460,-2.407680,1.280420,-0.860810,0.000000,-3.324530,3.549210,-0.059790,-1.324900,0.490210,2.894520,2.138120,0.904960,0.449220,-0.093350
-1.367880,-2.939790,0.347580,1.129740,-1.219590,0.905730,0.624090,1.984980,-0.066870,-1.149090,3.999960,-3.282270,-3.568080,1.725660,0.000000,-2.267130,1.386570,0.000000,0.000000,-3.599370,3.294180,0.787770,-1.262700,1.107060,0.924000,2.194980,1.252050,0.918180,-2.135940
-1.387050,-2.506200,2.236890,1.633860,-1.001220,0.641820,0.300660,-0.667710,-1.279530,-1.316700,2.515560,-2.574390,-1.399740,-0.465270,-4.916550,-0.936300,0.932340,0.000000,-1.125630,-1.567590,0.549210,5.815440,1.780560,-2.653080,2.417730,1.798200,2.434620,0.175710,-1.079400
-1.054380,-1.803650,2.379410,1.501810,-1.409950,0.650610,-0.007310,-1.473750,-1.301940,-1.358760,2.480230,-2.045280,-0.817390,-0.939590,-5.234490,-0.556540,0.616000,0.164630,-0.581380,-1.432830,0.691670,5.202430,1.394630,-1.513530,-1.965990,-0.171890,0.931650,-0.422450,-0.833460
-0.389040,-0.398550,2.664450,1.237710,-2.227410,0.668190,-0.623250,-3.085830,-1.346760,-1.442880,2.409570,-0.987060,0.347310,-1.888230,-5.870370,0.202980,-0.016680,0.493890,0.507120,-1.163310,0.976590,3.976410,0.622770,0.765570,-10.733430,-4.112070,-2.074290,-1.618770,-0.341580
0.151980,0.573250,2.463690,1.001070,-0.975370,0.707390,0.384030,-4.012090,-0.865060,-1.101860,2.454090,0.664440,1.301630,-2.641370,-3.116830,0.379540,-0.050180,1.884270,0.581380,-1.827050,1.159370,0.888090,-1.087770,1.892870,-7.542810,-2.831870,-2.139390,-0.911610,-0.275600
0.422490,1.059150,2.363310,0.882750,-0.349350,0.726990,0.887670,-4.475220,-0.624210,-0.931350,2.476350,1.490190,1.778790,-3.017940,-1.740060,0.467820,-0.066930,2.579460,0.618510,-2.158920,1.250760,-0.656070,-1.943040,2.456520,-5.947500,-2.191770,-2.171940,-0.558030,-0.242610
-0.649290,2.985390,1.165710,-0.473100,-1.007910,0.552660,-1.207050,-4.428420,0.134670,0.364170,1.057800,1.363230,0.433980,-2.975820,-0.012750,-0.081900,0.117240,0.984030,0.000000,-1.286070,1.943250,-3.627840,-2.158710,2.053860,-3.265710,0.801690,-1.048920,-0.118260,-0.363720
-0.757120,2.628740,0.974350,-0.636840,-1.166340,0.401590,-1.330460,-3.304630,0.253360,0.479030,1.176860,0.680320,-0.158110,-2.768680,0.528750,-0.194470,0.189680,0.680900,0.000000,-1.122390,1.848720,-2.999540,-1.856510,1.418980,-2.849650,0.342570,-0.521980,-0.359390,-0.907000
-0.972780,1.915440,0.591630,-0.964320,-1.483200,0.099450,-1.577280,-1.057050,0.490740,0.708750,1.414980,-0.685500,-1.342290,-2.354400,1.611750,-0.419610,0.334560,0.074640,0.000000,-0.795030,1.659660,-1.742940,-1.252110,0.149220,-2.017530,-0.575670,0.531900,-0.841650,-1.993560
-0.915220,0.715960,0.220290,-0.672380,-1.441180,-0.087870,-1.028060,0.857450,0.705720,0.383290,1.114920,-1.579400,-1.534770,-1.637200,2.314170,-0.514510,0.576100,-0.141600,0.000000,-0.756710,0.809260,-0.356760,-0.833990,-0.746820,-0.676550,-1.018170,1.710540,-0.804190,-2.461100
-0.886440,0.116220,0.034620,-0.526410,-1.420170,-0.181530,-0.753450,1.814700,0.813210,0.220560,0.964890,-2.026350,-1.631010,-1.278600,2.665380,-0.561960,0.696870,-0.249720,0.000000,-0.737550,0.384060,0.336330,-0.624930,-1.194840,-0.006060,-1.239420,2.299860,-0.785460,-2.694870
-0.358680,-0.775770,-0.725100,-0.005760,-0.685260,-0.354630,-0.089340,3.028980,0.962820,-0.256290,-0.352860,-1.876560,-0.395070,0.969690,2.630640,-0.726900,1.084980,-0.210660,0.000000,-0.579300,-0.653100,1.158690,-0.304830,-1.188330,2.224680,-0.118170,1.986450,0.031200,-1.646010
-0.212600,-0.461660,-0.788590,0.288280,-0.566260,-0.342280,-0.011450,2.837470,0.858260,-0.224860,-0.963390,-1.493380,0.160560,1.575440,2.272030,-0.783860,1.222580,-0.109440,0.000000,-0.455780,-0.937190,1.201130,-0.327140,-1.085580,2.750850,0.268610,1.347680,0.177770,-0.625740
0.079560,0.166560,-0.915570,0.876360,-0.328260,-0.317580,0.144330,2.454450,0.649140,-0.162000,-2.184450,-0.727020,1.271820,2.786940,1.554810,-0.897780,1.497780,0.093000,0.000000,-0.208740,-1.505370,1.286010,-0.371760,-0.880080,3.803190,1.042170,0.070140,0.470910,1.414800
0.076240,1.363020,-0.483390,1.727080,-0.451040,-0.101260,0.038950,2.256510,0.146780,0.374580,-4.048430,0.160940,2.225140,2.670200,0.913010,-0.895080,1.719900,0.301700,0.000000,-0.264980,-1.610810,1.091290,-0.618300,-0.836120,4.288170,0.837290,-0.478020,0.165630,3.525500
0.074580,1.961250,-0.267300,2.152440,-0.512430,0.006900,-0.013740,2.157540,-0.104400,0.642870,-4.980420,0.604920,2.701800,2.611830,0.592110,-0.893730,1.830960,0.406050,0.000000,-0.293100,-1.663530,0.993930,-0.741570,-0.814140,4.530660,0.734850,-0.752100,0.012990,4.580850
0.151500,2.488530,0.533520,2.469630,0.484050,0.370890,-0.607770,2.787210,-0.928320,1.230480,-6.149760,1.692240,3.565050,1.615800,0.276810,-0.557040,1.759620,0.673530,0.000000,-0.886440,-0.805200,0.280800,-0.857730,-0.221970,1.776300,-1.224810,0.026880,-1.074150,2.738850
0.324270,1.884980,0.723980,2.161590,1.146640,0.447580,-0.686710,2.304060,-1.127320,1.243690,-5.213410,2.062730,3.410600,1.368910,0.023000,-0.355510,1.586770,0.898630,0.000000,-0.961330,-0.700350,-0.067860,-0.628320,0.210620,0.164350,-1.605790,0.126260,-1.355050,0.939650
0.669810,0.677880,1.104900,1.545510,2.471820,0.600960,-0.844590,1.337760,-1.525320,1.270110,-3.340710,2.803710,3.101700,0.875130,-0.484620,0.047550,1.241070,1.348830,0.000000,-1.111110,-0.490650,-0.765180,-0.169500,1.075800,-3.059550,-2.367750,0.325020,-1.916850,-2.658750
1.151270,-0.569120,1.326880,1.129350,2.028320,0.614400,-0.331390,-1.706780,-1.753080,1.448350,-0.911950,3.629510,2.168400,0.070550,-1.525840,0.413930,0.735790,1.571870,0.000000,-0.482310,-0.557170,-1.461100,0.342580,1.982380,-3.116610,-0.939830,-0.183440,-1.862890,-2.423970
1.392000,-1.192620,1.437870,0.921270,1.806570,0.621120,-0.074790,-3.229050,-1.866960,1.537470,0.302430,4.042410,1.701750,-0.331740,-2.046450,0.597120,0.483150,1.683390,0.000000,-0.167910,-0.590430,-1.809060,0.598620,2.435670,-3.145140,-0.225870,-0.437670,-1.835910,-2.306580
1.187310,2.212950,0.906450,0.083010,-1.047540,0.005520,0.506220,-8.009730,-1.438260,1.368930,5.437710,3.954660,0.404100,-0.659310,-1.669020,0.548250,-0.391320,0.072360,0.000000,1.910520,2.739870,-3.247410,0.221460,2.911710,-3.786480,1.250190,-1.436970,-1.404090,-1.036590
1.059170,1.825350,0.110260,-0.803540,-0.671800,-0.093000,0.317910,-5.581000,-0.823940,0.523890,5.707990,3.302290,-0.728890,-0.624070,-1.219880,0.288560,-0.479880,-0.872070,0.000000,2.108120,3.545620,-3.685730,-0.414290,1.486740,-1.431560,1.326190,-1.763640,-0.124520,-0.374200
0.802890,1.050150,-1.482120,-2.576640,0.079680,-0.290040,-0.058710,-0.723540,0.404700,-1.166190,6.248550,1.997550,-2.994870,-0.553590,-0.321600,-0.230820,-0.657000,-2.760930,0.000000,2.503320,5.157120,-4.562370,-1.685790,-1.363200,3.278280,1.478190,-2.416980,2.434620,0.950580
1.305410,-0.314110,-2.610800,-3.822400,-1.522700,-0.465580,0.033010,3.545180,1.015600,-2.526590,3.886470,0.114410,-5.336670,-1.671650,5.046080,-0.743540,-0.467800,-4.101910,0.000000,2.702720,2.677620,-3.013810,1.279890,-3.957820,8.134100,1.713510,-0.579600,2.851760,2.440360
1.556670,-0.996240,-3.175140,-4.445280,-2.323890,-0.553350,0.078870,5.679540,1.321050,-3.206790,2.705430,-0.827160,-6.507570,-2.230680,7.729920,-0.999900,-0.373200,-4.772400,0.000000,2.802420,1.437870,-2.239530,2.762730,-5.255130,10.562010,1.831170,0.339090,3.060330,3.185250
1.591680,-2.596980,-1.050150,-2.318790,-0.006600,-0.448770,0.588600,6.034110,0.516360,-2.518140,0.423960,-2.681310,-1.854870,2.873550,0.000000,-0.781170,-0.090300,-0.415470,0.000000,-0.192090,2.113920,1.876170,2.894400,0.906720,-9.449340,0.332580,-1.535640,2.244360,0.411960
0.585730,-2.469340,-0.099330,-1.352580,-0.625610,-0.059920,0.645810,5.118050,0.096430,-2.152330,0.166900,-2.719270,-1.225950,2.864620,-1.042700,-0.531120,0.063290,-0.276980,0.000000,-1.206660,0.973590,2.264570,1.871460,0.505960,-5.888360,0.323390,-1.385590,2.024770,0.963640
-1.426170,-2.214060,1.802310,0.579840,-1.863630,0.717780,0.760230,3.285930,-0.743430,-1.420710,-0.347220,-2.795190,0.031890,2.846760,-3.128100,-0.031020,0.370470,0.000000,0.000000,-3.235800,-1.307070,3.041370,-0.174420,-0.295560,1.233600,0.305010,-1.085490,1.585590,2.067000
-1.778290,-1.291120,2.223370,1.160540,-1.947090,0.887120,0.236950,0.245310,-0.871610,0.013530,-0.623000,-2.146090,0.301810,1.195020,-4.583700,0.426300,0.432950,0.292740,0.000000,-3.749060,-2.016950,2.914010,0.457480,-0.417220,6.839380,-1.053430,1.010450,0.639910,6.019380
-1.954350,-0.829650,2.433900,1.450890,-1.988820,0.971790,-0.024690,-1.275000,-0.935700,0.730650,-0.760890,-1.821540,0.436770,0.369150,-5.311500,0.654960,0.464190,0.439110,0.000000,-4.005690,-2.371890,2.850330,0.773430,-0.478050,9.642270,-1.732650,2.058420,0.167070,7.995570
-1.437030,-0.173100,1.968300,1.822230,-0.684900,0.632610,1.134540,-3.444840,-0.880740,0.965010,0.050640,-0.496440,1.535520,-1.246980,-4.791960,1.119660,0.263910,1.141050,0.000000,-2.897160,-2.612670,1.676640,0.954690,2.017110,2.021610,-1.661580,2.428140,-2.529090,0.646470
-1.250180,0.343660,1.812900,1.815170,-0.359190,0.502590,1.126880,-4.006720,-0.748690,1.073610,0.176750,-0.119500,1.905950,-1.948050,-4.151830,1.140340,0.226960,1.379670,0.000000,-2.293680,-2.117690,1.054120,0.269760,1.862950,0.379490,-1.559240,1.427930,-2.706740,-1.852980
-0.876480,1.377180,1.502100,1.801050,0.292230,0.242550,1.111560,-5.130480,-0.484590,1.290810,0.428970,0.634380,2.646810,-3.350190,-2.871570,1.181700,0.153060,1.856910,0.000000,-1.086720,-1.127730,-0.190920,-1.100100,1.554630,-2.904750,-1.354560,-0.572490,-3.062040,-6.851880
-0.565180,1.505340,0.836760,1.317030,0.360270,0.040070,0.613580,-4.385140,-0.083590,1.239030,0.032670,0.944360,2.127810,-3.443930,0.135330,0.951140,0.129180,1.535990,0.000000,0.181840,0.267890,-1.040220,-1.925760,1.508290,-0.163410,-0.926520,-0.548430,-2.542640,-7.248420
-0.409530,1.569420,0.504090,1.075020,0.394290,-0.061170,0.364590,-4.012470,0.116910,1.213140,-0.165480,1.099350,1.868310,-3.490800,1.638780,0.835860,0.117240,1.375530,0.000000,0.816120,0.965700,-1.464870,-2.338590,1.485120,1.207260,-0.712500,-0.536400,-2.282940,-7.446690
-0.109920,0.536430,-0.821370,0.585840,-0.057540,-0.327900,0.577260,-1.341090,0.743460,0.955800,-0.249060,0.779370,0.069330,-2.540940,4.835490,0.308040,-0.011340,0.716040,0.000000,1.997340,2.382930,-1.073850,-2.240100,0.982200,3.972360,-1.244940,-0.647970,-0.783030,-4.024560
-0.133680,0.017770,-1.155740,0.504120,-0.034080,-0.425730,0.645460,-0.549360,0.885590,0.832650,-0.244780,0.478300,-0.385950,-2.202710,4.888860,0.160790,-0.053730,0.585360,0.000000,2.040030,2.331820,-0.538170,-1.951680,0.630240,3.250200,-1.320470,-0.429900,-0.394270,-2.540040
-0.181200,-1.019550,-1.824480,0.340680,0.012840,-0.621390,0.781860,1.034100,1.169850,0.586350,-0.236220,-0.123840,-1.296510,-1.526250,4.995600,-0.133710,-0.138510,0.324000,0.000000,2.125410,2.229600,0.533190,-1.374840,-0.073680,1.805880,-1.471530,0.006240,0.383250,0.429000
-0.452380,-1.626070,-2.082460,0.273620,0.607380,-0.754230,0.308120,1.704160,1.218770,0.338870,-0.331060,-0.598620,-1.550430,-0.638110,3.845980,-0.343730,-0.145090,0.211180,0.000000,1.795770,1.468020,1.321050,-0.660380,-0.561200,-0.987020,-0.534730,0.790280,0.879690,2.409960
-0.587970,-1.929330,-2.211450,0.240090,0.904650,-0.820650,0.071250,2.039190,1.243230,0.215130,-0.378480,-0.836010,-1.677390,-0.194040,3.271170,-0.448740,-0.148380,0.154770,0.000000,1.630950,1.087230,1.714980,-0.303150,-0.804960,-2.383470,-0.066330,1.182300,1.127910,3.400440
-0.793980,-1.692270,-1.740360,0.661800,1.791810,-0.668220,-0.739680,2.209950,1.007340,0.095910,-1.484220,-1.306140,-1.390620,1.522920,1.279500,-0.706410,0.103800,0.181680,0.000000,0.428310,0.006930,1.968150,0.098880,-1.475310,-4.966170,2.085240,1.039830,2.086080,2.933220
-0.699900,-1.193570,-1.341100,0.985340,1.703910,-0.535480,-0.778300,2.219320,0.836330,0.143350,-2.349090,-1.412160,-1.191900,1.973260,0.822100,-0.760160,0.290840,0.157600,0.000000,-0.072640,-0.280380,1.996690,-0.008550,-1.668970,-4.696410,2.406740,0.732690,2.161930,2.184540
-0.511740,-0.196170,-0.542580,1.632420,1.528110,-0.270000,-0.855540,2.238060,0.494310,0.238230,-4.078830,-1.624200,-0.794460,2.873940,-0.092700,-0.867660,0.664920,0.109440,0.000000,-1.074540,-0.855000,2.053770,-0.223410,-2.056290,-4.156890,3.049740,0.118410,2.313630,0.687180
-0.140320,2.006730,-0.098020,1.906400,0.331570,0.035900,-0.892380,2.121500,-0.026110,0.229930,-5.161190,-1.123340,-0.442140,2.818260,-0.687800,-0.928100,0.956560,-0.381340,0.000000,-1.194460,-1.194920,1.110690,0.334390,-1.672930,-2.861170,1.879480,-0.234590,0.917870,0.643460
0.045390,3.108180,0.124260,2.043390,-0.266700,0.188850,-0.910800,2.063220,-0.286320,0.225780,-5.702370,-0.872910,-0.265980,2.790420,-0.985350,-0.958320,1.102380,-0.626730,0.000000,-1.254420,-1.364880,0.639150,0.613290,-1.481250,-2.213310,1.294350,-0.411090,0.219990,0.621600
0.941700,6.492480,-0.427830,0.553110,-0.023940,0.751200,-1.435260,4.483200,-0.841350,-0.136020,-8.536290,0.078870,-0.226020,1.020420,-1.612080,-0.846120,0.810900,-1.288920,0.000000,-1.796340,-0.846960,-3.679950,2.834760,-0.850500,3.236190,-1.975950,-1.152360,-2.043030,0.295620
0.946100,6.192610,-0.350770,-0.111240,1.154170,0.573160,-1.401260,5.483920,-0.777970,-0.243150,-10.408030,-0.013120,-0.118490,0.786620,-1.404270,-0.692030,0.662580,-0.751230,0.000000,-2.070380,-0.618450,-3.042400,2.455730,-0.658210,2.031330,-2.180370,-0.974240,-2.110170,-0.585580
0.954900,5.592870,-0.196650,-1.439940,3.510390,0.217080,-1.333260,7.485360,-0.651210,-0.457410,-14.151510,-0.197100,0.096570,0.319020,-0.988650,-0.383850,0.365940,0.324150,0.000000,-2.618460,-0.161430,-1.767300,1.697670,-0.273630,-0.378390,-2.589210,-0.618000,-2.244450,-2.347980
1.637820,-2.533870,1.893550,-0.246100,-0.408710,0.299820,0.295580,-2.802960,-1.228130,0.253610,2.884830,0.389860,0.307990,0.411540,0.286990,0.146590,0.234540,1.063730,0.000000,-2.298800,0.024570,-0.642600,0.103610,-0.362750,2.410250,-2.475190,-0.182960,-1.580130,0.508580
1.979280,-6.597240,2.938650,0.350820,-2.368260,0.341190,1.110000,-7.947120,-1.516590,0.609120,11.403000,0.683340,0.413700,0.457800,0.924810,0.411810,0.168840,1.433520,0.000000,-2.138970,0.117570,-0.080250,-0.693420,-0.407310,3.804570,-2.418180,0.034560,-1.247970,1.936860
-0.272610,-4.276350,4.515990,2.598510,0.515160,1.215630,0.509130,-9.540840,-2.075640,4.291980,5.482800,2.695740,1.740600,-0.904620,-5.746470,0.936000,0.272280,1.684260,0.000000,0.484020,-1.217910,-0.961680,-1.326990,2.974440,-9.153300,0.890520,-0.550830,2.510760,1.612860
-0.056340,-1.771710,3.660240,1.392880,0.238330,1.083740,0.572540,-7.820710,-1.826520,2.773160,7.420510,2.940040,1.309950,-0.225670,-3.831500,1.026250,0.048880,1.169230,0.000000,1.450450,-0.531400,-1.170150,-0.613230,2.443040,-6.912180,0.010640,-4.297210,1.618390,2.336680
0.376200,3.237570,1.948740,-1.018380,-0.315330,0.819960,0.699360,-4.380450,-1.328280,-0.264480,11.295930,3.428640,0.448650,1.132230,-0.001560,1.206750,-0.397920,0.139170,0.000000,3.383310,0.841620,-1.587090,0.814290,1.380240,-2.429940,-1.749120,-11.789970,-0.166350,3.784320
0.458520,2.382930,0.855900,-1.973320,-0.460810,0.460080,-0.110920,-1.936330,-0.798660,-1.077280,6.194830,2.886100,-0.192510,-0.050210,1.226340,1.325730,-0.591980,-0.768910,0.000000,2.479690,1.732340,-1.627290,0.585990,-0.237040,-2.982320,-0.806080,-0.770770,-0.114130,-1.921940
0.499680,1.955610,0.309480,-2.450790,-0.533550,0.280140,-0.516060,-0.714270,-0.533850,-1.483680,3.644280,2.614830,-0.513090,-0.641430,1.840290,1.385220,-0.689010,-1.222950,0.000000,2.027880,2.177700,-1.647390,0.471840,-1.045680,-3.258510,-0.334560,4.738830,-0.088020,-4.775070
0.433380,0.667110,-0.857730,-2.223450,-1.842660,-0.125430,0.040830,1.243020,0.053340,-0.899610,0.647910,2.312100,-0.130440,-1.310700,3.892800,1.504740,-0.782610,-1.626630,0.000000,0.947850,2.511960,-1.133490,-0.403080,-0.688350,0.578940,2.699760,3.700170,1.456020,-1.931850
0.619400,0.175250,-1.120240,-2.324110,-1.709640,-0.211390,0.122010,1.768670,0.130410,-1.033840,0.676110,2.181860,-0.262600,-0.860370,3.545700,1.437650,-0.775420,-1.675310,0.000000,0.913830,2.004770,-0.702230,-0.457410,-0.392280,1.355470,2.610910,2.315820,1.321300,-0.517930
0.991440,-0.808470,-1.645260,-2.525430,-1.443600,-0.383310,0.284370,2.819970,0.284550,-1.302300,0.732510,1.921380,-0.526920,0.040290,2.851500,1.303470,-0.761040,-1.772670,0.000000,0.845790,0.990390,0.160290,-0.566070,0.199860,2.908530,2.433210,-0.452880,1.051860,2.309910
1.229960,-1.157390,-1.598460,-2.579930,-0.911700,-0.231150,0.100150,3.473930,0.404130,-1.781520,0.661970,2.222380,-0.858140,1.222050,0.950500,1.698050,-0.966980,-1.569010,0.000000,1.259070,0.818570,0.504750,0.335890,-0.111600,0.635210,1.804470,-0.227900,0.921060,1.686630
1.349220,-1.331850,-1.575060,-2.607180,-0.645750,-0.155070,0.008040,3.800910,0.463920,-2.021130,0.626700,2.372880,-1.023750,1.812930,0.000000,1.895340,-1.069950,-1.467180,0.000000,1.465710,0.732660,0.676980,0.786870,-0.267330,-0.501450,1.490100,-0.115410,0.855660,1.374990
0.503910,-2.093850,0.076260,-1.738530,-0.927120,0.165150,0.089130,4.379670,-0.079800,-2.396940,-0.438300,2.174700,-1.467630,2.853270,0.000000,2.037240,-0.995670,-0.718050,0.000000,2.369430,0.660960,1.553520,1.889670,-1.106490,-2.546190,1.265520,0.563550,0.879150,-0.588630
0.062580,-2.007760,0.621700,-1.219810,-1.227870,0.289820,0.061700,4.057780,-0.212810,-2.079270,-0.669550,2.191120,-1.449210,2.655320,-0.447040,2.067140,-0.907050,-0.453860,0.000000,2.778820,0.424480,1.845260,1.807400,-1.254500,-1.978260,1.324950,0.577560,0.818240,-0.535820
-0.820080,-1.835580,1.712580,-0.182370,-1.829370,0.539160,0.006840,3.414000,-0.478830,-1.443930,-1.132050,2.223960,-1.412370,2.259420,-1.341120,2.126940,-0.729810,0.074520,0.000000,3.597600,-0.048480,2.428740,1.642860,-1.550520,-0.842400,1.443810,0.605580,0.696420,-0.430200
-1.489440,-0.872900,2.269400,0.822330,-1.971210,0.712020,-0.097740,1.398900,-0.526930,-0.294390,-1.349570,2.780700,-1.002810,1.035860,-2.586300,2.165400,-0.505470,0.533720,0.000000,4.494200,-0.545120,3.005700,1.163280,-1.774940,0.019880,1.734310,0.514440,0.841180,-0.170760
-1.824120,-0.391560,2.547810,1.324680,-2.042130,0.798450,-0.150030,0.391350,-0.550980,0.280380,-1.458330,3.059070,-0.798030,0.424080,-3.208890,2.184630,-0.393300,0.763320,0.000000,4.942500,-0.793440,3.294180,0.923490,-1.887150,0.451020,1.879560,0.468870,0.913560,-0.041040
-2.158650,1.026360,2.685780,2.041830,-0.595650,0.532830,0.772620,-2.829180,-0.675180,0.949230,-2.019630,4.765050,-0.262140,-1.289640,-1.886580,2.068770,-0.151140,1.369110,0.000000,6.779430,-1.224870,4.013340,0.765120,-1.681830,-0.606480,2.509680,1.136190,0.961890,-0.032010
-1.975460,1.723640,2.325020,2.065640,-0.050920,0.378350,1.107340,-3.394150,-0.606220,0.968410,-2.137500,5.561110,-0.239270,-1.693310,-1.375650,1.857720,-0.148480,1.335120,0.000000,7.238000,-1.286780,3.614020,0.973860,-0.788470,-1.016860,2.363860,1.479390,-0.034920,0.274250
-1.609080,3.118200,1.603500,2.113260,1.038540,0.069390,1.776780,-4.524090,-0.468300,1.006770,-2.373240,7.153230,-0.193530,-2.500650,-0.353790,1.435620,-0.143160,1.267140,0.000000,8.155140,-1.410600,2.815380,1.391340,0.998250,-1.837620,2.072220,2.165790,-2.028540,0.886770
-1.026620,3.785900,0.725520,1.713240,1.357900,-0.138030,1.488760,-3.702650,-0.258400,0.826250,-2.471580,7.665490,-0.451950,-2.568190,0.188090,0.615620,-0.264340,0.644260,0.000000,7.047400,-0.987180,-0.053260,1.522220,4.107710,-1.399420,-0.189520,1.242670,-5.702180,1.064150
-0.735390,4.119750,0.286530,1.513230,1.517580,-0.241740,1.344750,-3.291930,-0.153450,0.735990,-2.520750,7.921620,-0.581160,-2.601960,0.459030,0.205620,-0.324930,0.332820,0.000000,6.493530,-0.775470,-1.487580,1.587660,5.662440,-1.180320,-1.320390,0.781110,-7.539000,1.152840
-0.431940,3.541680,-0.325800,0.566790,1.274940,-0.384930,0.723150,-1.397910,0.204120,0.340860,-2.594430,5.186130,-0.686190,-1.763910,1.368600,-0.844590,-0.430560,-0.260580,0.000000,2.566260,-0.624390,-2.495400,0.702510,5.212560,-0.814440,-3.500130,0.186030,-7.343250,0.834600
-0.603420,3.257910,-0.524800,0.402640,1.087160,-0.439390,0.693860,-1.280480,0.376060,0.258120,-2.619800,5.003780,-0.970580,-1.594580,1.600600,-1.102980,-0.492460,-0.260330,0.000000,0.957100,-0.450740,-2.639270,0.498040,2.714540,-0.539180,-1.991850,0.080300,-5.755150,0.860140
-0.946380,2.690370,-0.922800,0.074340,0.711600,-0.548310,0.635280,-1.045620,0.719940,0.092640,-2.670540,4.639080,-1.539360,-1.255920,2.064600,-1.619760,-0.616260,-0.259830,0.000000,-2.261220,-0.103440,-2.927010,0.089100,-2.281500,0.011340,1.024710,-0.131160,-2.578950,0.911220
-0.825880,2.065950,-0.829840,0.271780,1.475520,0.254530,0.893720,-0.274300,0.427180,0.292160,-2.833280,1.108720,-2.570860,-1.007100,1.213880,-0.417960,-0.670040,0.216970,0.000000,2.319000,1.504580,2.316190,0.726260,1.471920,0.633320,2.376090,-0.016280,-0.090610,0.956460
-0.765630,1.753740,-0.783360,0.370500,1.857480,0.655950,1.022940,0.111360,0.280800,0.391920,-2.914650,-0.656460,-3.086610,-0.882690,0.788520,0.182940,-0.696930,0.455370,0.000000,4.609110,2.308590,4.937790,1.044840,3.348630,0.944310,3.051780,0.041160,1.153560,0.979080
-0.712890,1.996020,-1.039530,0.301800,1.880670,-0.407640,1.082130,-0.274800,0.657030,0.329520,-2.942370,0.442680,-2.305710,0.151140,0.290130,0.252720,-0.691410,0.425580,0.000000,3.039270,0.964770,3.421200,0.325830,0.271320,0.943050,3.620970,0.112230,-0.036120,0.821010
-0.635980,1.833290,-1.005440,0.287670,2.005130,-0.458300,1.029990,-0.095120,0.663600,0.281340,-3.105730,0.098220,-2.190350,0.024370,-0.051190,0.220110,-0.692280,0.389040,0.000000,2.402840,0.779800,2.717460,0.429440,0.289830,1.014510,2.957850,0.128710,0.053600,0.637230
-0.482160,1.507830,-0.937260,0.259410,2.254050,-0.559620,0.925710,0.264240,0.676740,0.184980,-3.432450,-0.590700,-1.959630,-0.229170,-0.733830,0.154890,-0.694020,0.315960,0.000000,1.129980,0.409860,1.309980,0.636660,0.326850,1.157430,1.631610,0.161670,0.233040,0.269670
-0.326540,1.377230,-0.835440,0.130110,2.058310,-0.544400,0.738370,0.569980,0.641520,0.047280,-4.051290,-0.961480,-1.987790,-0.447590,-0.664390,0.286210,-0.669020,0.252240,0.000000,0.999700,0.369220,0.569080,1.248620,0.595870,1.856930,1.765710,0.312170,0.224340,-0.405270
-0.248730,1.311930,-0.784530,0.065460,1.960440,-0.536790,0.644700,0.722850,0.623910,-0.021570,-4.360710,-1.146870,-2.001870,-0.556800,-0.629670,0.351870,-0.656520,0.220380,0.000000,0.934560,0.348900,0.198630,1.554600,0.730380,2.206680,1.832760,0.387420,0.219990,-0.742740
0.026940,3.881550,-1.115340,-0.559230,4.164450,-0.899190,0.182040,1.737060,0.925920,-0.191340,-5.901540,-1.289610,-2.149830,-1.190520,-2.226150,0.565440,-0.576480,0.239610,0.000000,0.550530,0.207930,-0.262470,2.300850,1.471380,3.738600,1.806300,0.810780,-0.102120,-1.544550
0.078130,3.994470,-1.051780,-0.790020,4.152130,-1.117130,0.187730,2.042420,0.892060,-0.259020,-5.988120,-1.595190,-2.176230,-1.378660,-2.804690,0.623270,-0.554980,0.305920,0.000000,0.592940,0.232000,0.039130,2.369760,1.782840,3.856050,1.747260,0.982340,-0.329960,-1.378490
0.180510,4.220310,-0.924660,-1.251600,4.127490,-1.553010,0.199110,2.653140,0.824340,-0.394380,-6.161280,-2.206350,-2.229030,-1.754940,-3.961770,0.738930,-0.511980,0.438540,0.000000,0.677760,0.280140,0.642330,2.507580,2.405760,4.090950,1.629180,1.325460,-0.785640,-1.046370
-0.166150,3.738170,-0.468920,-0.826320,2.694250,-1.550310,0.224370,1.465180,0.464540,0.072100,-5.233360,-2.001270,-2.204110,-2.080540,-3.168130,0.799710,-0.475200,0.515200,0.000000,0.759160,0.282520,1.099510,2.050480,2.830980,2.580410,1.276180,1.579220,-1.251660,0.314230
-0.339480,3.497100,-0.241050,-0.613680,1.977630,-1.548960,0.237000,0.871200,0.284640,0.305340,-4.769400,-1.898730,-2.191650,-2.243340,-2.771310,0.830100,-0.456810,0.553530,0.000000,0.799860,0.283710,1.328100,1.821930,3.043590,1.825140,1.099680,1.706100,-1.484670,0.994530
-1.030830,2.805540,0.392400,0.927330,2.046960,-0.951450,0.437040,0.188460,-0.293070,1.601910,-3.833490,-1.224450,-2.044380,-2.890440,-0.371940,0.834180,-0.430740,0.678270,-1.619670,1.063020,0.318660,1.723530,0.837510,2.914920,-1.935090,0.133140,1.243050,-1.643250,3.546900
-1.028840,2.446580,0.461200,0.983890,1.637830,-0.903480,0.482390,-0.225600,-0.359010,1.594920,-3.335050,-0.906340,-1.930980,-2.618080,-0.470100,0.777770,-0.447660,0.589930,-1.227580,1.138400,0.390950,1.840940,0.593110,2.624660,-2.707640,-0.261790,0.707020,-1.431920,3.938370
-1.024860,1.728660,0.598800,1.097010,0.819570,-0.807540,0.573090,-1.053720,-0.490890,1.580940,-2.338170,-0.270120,-1.704180,-2.073360,-0.666420,0.664950,-0.481500,0.413250,-0.443400,1.289160,0.535530,2.075760,0.104310,2.044140,-4.252740,-1.051650,-0.365040,-1.009260,4.721310
-1.039740,0.985660,0.597080,1.165450,-0.463970,-0.638760,0.531550,-2.723180,-0.530810,1.428180,-1.200590,0.210780,-1.558760,-1.552940,-2.086800,0.488570,-0.558480,0.197930,-0.449800,1.430840,0.884790,2.077520,-0.085830,1.422260,-3.906400,-1.663530,-1.330840,-0.394460,4.054830
-1.047180,0.614160,0.596220,1.199670,-1.105740,-0.554370,0.510780,-3.557910,-0.550770,1.351800,-0.631800,0.451230,-1.486050,-1.292730,-2.796990,0.400380,-0.596970,0.090270,-0.453000,1.501680,1.059420,2.078400,-0.180900,1.111320,-3.733230,-1.969470,-1.813740,-0.087060,3.721590
-0.875790,0.161160,0.495420,1.385730,-1.703370,-0.275370,0.792990,-3.334140,-0.460770,1.184940,0.396570,0.590550,-1.596900,-1.175070,-3.878520,0.228840,-0.702780,0.133410,-0.614790,1.982970,1.677120,1.623390,-0.049380,0.595860,-2.009940,-2.235270,-2.111400,0.475200,1.947270
-0.776870,0.060920,0.433720,1.339820,-1.624220,-0.216980,0.833900,-2.891110,-0.396660,1.123700,0.463550,0.621230,-1.630290,-0.954450,-3.794250,0.179050,-0.717470,0.122390,-0.587550,2.010970,1.719580,1.424370,0.049570,0.544400,-1.619110,-2.145230,-1.993330,0.475810,1.506230
-0.579030,-0.139560,0.310320,1.248000,-1.465920,-0.100200,0.915720,-2.005050,-0.268440,1.001220,0.597510,0.682590,-1.697070,-0.513210,-3.625710,0.079470,-0.746850,0.100350,-0.533070,2.066970,1.804500,1.026330,0.247470,0.441480,-0.837450,-1.965150,-1.757190,0.477030,0.624150
-0.515870,-0.132640,0.088020,1.073420,-1.033440,-0.066440,0.868300,-1.213030,-0.107440,0.933540,0.524630,0.425830,-1.687930,-0.648490,-3.261050,-0.038490,-0.732470,0.192610,-0.510930,1.472430,1.465280,0.562830,0.439850,0.431460,-0.623030,-1.647250,-1.501250,0.269210,0.112930
-0.484290,-0.129180,-0.023130,0.986130,-0.817200,-0.049560,0.844590,-0.817020,-0.026940,0.899700,0.488190,0.297450,-1.683360,-0.716130,-3.078720,-0.097470,-0.725280,0.238740,-0.499860,1.175160,1.295670,0.331080,0.536040,0.426450,-0.515820,-1.488300,-1.373280,0.165300,-0.142680
-0.526710,-0.188400,-0.014460,0.864600,-0.510330,0.080280,0.526410,0.062940,0.015900,0.783390,0.657360,0.332550,-1.742880,-0.599730,-2.430480,-0.068220,-0.682560,0.118710,-0.357630,1.233060,1.049940,0.059430,0.917040,0.161250,-0.612840,-0.989010,-1.055010,0.111720,-0.607290
-0.480850,-0.238830,-0.033370,0.795920,-0.573460,0.075290,0.460880,0.062200,0.025410,0.726690,0.866150,0.355980,-1.735330,-0.449180,-2.152110,-0.044780,-0.660000,0.062530,-0.258630,1.196930,0.895260,0.002660,0.954990,0.000500,-0.675380,-0.967250,-0.932240,0.176990,-0.729910
-0.389130,-0.339690,-0.071190,0.658560,-0.699720,0.065310,0.329820,0.060720,0.044430,0.613290,1.283730,0.402840,-1.720230,-0.148080,-1.595370,0.002100,-0.614880,-0.049830,-0.060630,1.124670,0.585900,-0.110880,1.030890,-0.321000,-0.800460,-0.923730,-0.686700,0.307530,-0.975150
-0.348350,-0.084770,-0.124350,0.434940,-0.468000,0.014690,0.128840,0.030820,0.009130,0.459070,0.683090,0.542480,-1.369450,-0.136420,-0.477630,0.071760,-0.571680,-0.109170,0.094910,1.097270,0.780220,-0.189500,0.871610,-0.735620,-0.830700,-1.020490,-0.374240,0.440770,-1.162050
-0.327960,0.042690,-0.150930,0.323130,-0.352140,-0.010620,0.028350,0.015870,-0.008520,0.381960,0.382770,0.612300,-1.194060,-0.130590,0.081240,0.106590,-0.550080,-0.138840,0.172680,1.083570,0.877380,-0.228810,0.791970,-0.942930,-0.845820,-1.068870,-0.218010,0.507390,-1.255500
-0.062760,0.385740,-0.182460,0.281880,-0.022920,-0.026820,-0.008400,-0.113730,0.004890,0.283200,-0.632310,0.753030,-1.376910,0.269310,0.315870,0.170880,-0.485100,-0.144120,0.002940,0.771870,0.837060,-0.285330,0.535710,-1.308930,-0.639660,-0.985140,0.265770,0.289920,-1.393290
-0.120640,0.351024,-0.150516,0.250255,-0.023513,-0.054999,0.004279,-0.100039,-0.014824,0.234340,-0.564246,0.700286,-1.019002,0.184414,0.303277,0.177412,-0.448370,-0.109488,0.003080,0.635382,0.776884,-0.290840,0.354797,-1.243241,-0.544457,-0.843849,0.307250,0.162823,-1.277454
0.000000,0.000000,0.000000,0.000000,0.000000,0.000000,0.000000,0.000000,0.000000,0.000000,0.000000,0.000000,0.000000,0.000000,0.000000,0.000000,0.000000,0.000000,0.000000,0.000000,0.000000,0.000000,0.000000,0.000000,0.000000,0.000000,0.000000,0.000000,0.000000
0.236401,-0.281593,0.086629,-0.187004,0.024699,0.111356,-0.029638,0.072656,0.054252,-0.136619,0.428119,-0.594799,0.303186,-0.014622,-0.278092,-0.190476,0.374911,0.040223,-0.003359,-0.362406,-0.656532,0.301860,0.007029,1.111862,0.354051,0.561266,-0.390210,0.091371,1.045782
